id,type,src,dst,app,latency,message,ctime,size,buffer
1,LINK,0,41,0,1.00002,Fog.Node.0,100,20,0
2,LINK,0,170,1,1.00002,Fog.Node.1,100,20,1
3,LINK,0,113,2,1.00002,Fog.Node.2,100,20,2
4,LINK,0,173,3,1.002,Fog.Node.3,100,2000,3
5,LINK,0,173,4,1.002,Fog.Node.4,100,2000,4
6,LINK,0,142,5,1.002,Fog.Node.5,100,2000,5
7,LINK,0,133,6,1.002,Fog.Node.6,100,2000,6
8,LINK,0,41,7,1.002,Fog.Node.7,100,2000,7
9,LINK,0,187,8,1.002,Fog.Node.8,100,2000,8
10,LINK,0,113,9,1.002,Fog.Node.9,100,2000,9
11,LINK,0,41,10,1.002,Fog.Node.10,100,2000,10
12,LINK,0,36,11,1.002,Fog.Node.11,100,2000,11
13,LINK,0,41,12,1.002,Fog.Node.12,100,2000,12
14,LINK,0,173,13,1.002,Fog.Node.13,100,2000,13
15,LINK,0,118,14,1.002,Fog.Node.14,100,2000,14
16,LINK,0,113,15,1.002,Fog.Node.15,100,2000,15
17,LINK,0,113,16,1.002,Fog.Node.16,100,2000,16
18,LINK,0,173,17,1.002,Fog.Node.17,100,2000,17
19,LINK,0,173,18,1.002,Fog.Node.18,100,2000,18
20,LINK,0,118,19,1.002,Fog.Node.19,100,2000,19
1,LINK,41,40,0,1.00002,Fog.Node.0,101.00002,20,17
2,LINK,170,61,1,1.00002,Fog.Node.1,101.00002,20,18
3,LINK,113,32,2,1.00002,Fog.Node.2,101.00002,20,19
4,LINK,173,73,3,1.002,Fog.Node.3,101.002,2000,14
6,LINK,142,60,5,1.002,Fog.Node.5,101.002,2000,15
7,LINK,133,96,6,1.002,Fog.Node.6,101.002,2000,16
9,LINK,187,109,8,1.002,Fog.Node.8,101.002,2000,17
12,LINK,36,49,11,1.002,Fog.Node.11,101.002,2000,18
15,LINK,118,33,14,1.002,Fog.Node.14,101.002,2000,19
1,LINK,40,55,0,1.00002,Fog.Node.0,102.00004000000001,20,17
3,LINK,32,67,2,1.00002,Fog.Node.2,102.00004000000001,20,18
8,LINK,41,45,7,1.002,Fog.Node.7,102.00202,2000,17
10,LINK,113,1,9,1.002,Fog.Node.9,102.00202,2000,18
5,LINK,173,81,4,1.002,Fog.Node.4,102.00399999999999,2000,11
20,LINK,118,2,19,1.002,Fog.Node.19,102.00399999999999,2000,12
6,LINK,60,89,5,1.002,Fog.Node.5,102.00399999999999,2000,13
15,LINK,33,64,14,1.002,Fog.Node.14,102.00399999999999,2000,14
11,LINK,41,45,10,1.002,Fog.Node.10,103.00402,2000,9
16,LINK,113,32,15,1.002,Fog.Node.15,103.00402,2000,10
8,LINK,45,102,7,1.002,Fog.Node.7,103.00402,2000,11
10,LINK,1,176,9,1.002,Fog.Node.9,103.00402,2000,12
14,LINK,173,59,13,1.002,Fog.Node.13,103.00599999999999,2000,8
20,LINK,2,148,19,1.002,Fog.Node.19,103.00599999999999,2000,9
13,LINK,41,40,12,1.002,Fog.Node.12,104.00601999999999,2000,4
17,LINK,113,1,16,1.002,Fog.Node.16,104.00601999999999,2000,5
16,LINK,32,71,15,1.002,Fog.Node.15,104.00601999999999,2000,6
18,LINK,173,81,17,1.002,Fog.Node.17,104.00799999999998,2000,4
13,LINK,40,55,12,1.002,Fog.Node.12,105.00801999999999,2000,2
17,LINK,1,76,16,1.002,Fog.Node.16,105.00801999999999,2000,3
19,LINK,173,87,18,1.002,Fog.Node.18,105.00999999999998,2000,2
21,LINK,0,41,0,1.00002,Fog.Node.0,200,20,0
22,LINK,0,170,1,1.00002,Fog.Node.1,200,20,1
23,LINK,0,113,2,1.00002,Fog.Node.2,200,20,2
24,LINK,0,173,3,1.002,Fog.Node.3,200,2000,3
25,LINK,0,173,4,1.002,Fog.Node.4,200,2000,4
26,LINK,0,142,5,1.002,Fog.Node.5,200,2000,5
27,LINK,0,133,6,1.002,Fog.Node.6,200,2000,6
28,LINK,0,41,7,1.002,Fog.Node.7,200,2000,7
29,LINK,0,187,8,1.002,Fog.Node.8,200,2000,8
30,LINK,0,113,9,1.002,Fog.Node.9,200,2000,9
31,LINK,0,41,10,1.002,Fog.Node.10,200,2000,10
32,LINK,0,36,11,1.002,Fog.Node.11,200,2000,11
33,LINK,0,41,12,1.002,Fog.Node.12,200,2000,12
34,LINK,0,173,13,1.002,Fog.Node.13,200,2000,13
35,LINK,0,118,14,1.002,Fog.Node.14,200,2000,14
36,LINK,0,113,15,1.002,Fog.Node.15,200,2000,15
37,LINK,0,113,16,1.002,Fog.Node.16,200,2000,16
38,LINK,0,173,17,1.002,Fog.Node.17,200,2000,17
39,LINK,0,173,18,1.002,Fog.Node.18,200,2000,18
40,LINK,0,118,19,1.002,Fog.Node.19,200,2000,19
21,LINK,41,40,0,1.00002,Fog.Node.0,201.00002,20,17
22,LINK,170,61,1,1.00002,Fog.Node.1,201.00002,20,18
23,LINK,113,32,2,1.00002,Fog.Node.2,201.00002,20,19
24,LINK,173,73,3,1.002,Fog.Node.3,201.002,2000,14
26,LINK,142,60,5,1.002,Fog.Node.5,201.002,2000,15
27,LINK,133,96,6,1.002,Fog.Node.6,201.002,2000,16
29,LINK,187,109,8,1.002,Fog.Node.8,201.002,2000,17
32,LINK,36,49,11,1.002,Fog.Node.11,201.002,2000,18
35,LINK,118,33,14,1.002,Fog.Node.14,201.002,2000,19
21,LINK,40,55,0,1.00002,Fog.Node.0,202.00004,20,17
23,LINK,32,67,2,1.00002,Fog.Node.2,202.00004,20,18
28,LINK,41,45,7,1.002,Fog.Node.7,202.00202000000002,2000,17
30,LINK,113,1,9,1.002,Fog.Node.9,202.00202000000002,2000,18
25,LINK,173,81,4,1.002,Fog.Node.4,202.00400000000002,2000,11
40,LINK,118,2,19,1.002,Fog.Node.19,202.00400000000002,2000,12
26,LINK,60,89,5,1.002,Fog.Node.5,202.00400000000002,2000,13
35,LINK,33,64,14,1.002,Fog.Node.14,202.00400000000002,2000,14
31,LINK,41,45,10,1.002,Fog.Node.10,203.00402000000003,2000,9
36,LINK,113,32,15,1.002,Fog.Node.15,203.00402000000003,2000,10
28,LINK,45,102,7,1.002,Fog.Node.7,203.00402000000003,2000,11
30,LINK,1,176,9,1.002,Fog.Node.9,203.00402000000003,2000,12
34,LINK,173,59,13,1.002,Fog.Node.13,203.00600000000003,2000,8
40,LINK,2,148,19,1.002,Fog.Node.19,203.00600000000003,2000,9
33,LINK,41,40,12,1.002,Fog.Node.12,204.00602000000003,2000,4
37,LINK,113,1,16,1.002,Fog.Node.16,204.00602000000003,2000,5
36,LINK,32,71,15,1.002,Fog.Node.15,204.00602000000003,2000,6
38,LINK,173,81,17,1.002,Fog.Node.17,204.00800000000004,2000,4
33,LINK,40,55,12,1.002,Fog.Node.12,205.00802000000004,2000,2
37,LINK,1,76,16,1.002,Fog.Node.16,205.00802000000004,2000,3
39,LINK,173,87,18,1.002,Fog.Node.18,205.01000000000005,2000,2
41,LINK,0,41,0,1.00002,Fog.Node.0,300,20,0
42,LINK,0,170,1,1.00002,Fog.Node.1,300,20,1
43,LINK,0,113,2,1.00002,Fog.Node.2,300,20,2
44,LINK,0,173,3,1.002,Fog.Node.3,300,2000,3
45,LINK,0,173,4,1.002,Fog.Node.4,300,2000,4
46,LINK,0,142,5,1.002,Fog.Node.5,300,2000,5
47,LINK,0,133,6,1.002,Fog.Node.6,300,2000,6
48,LINK,0,41,7,1.002,Fog.Node.7,300,2000,7
49,LINK,0,187,8,1.002,Fog.Node.8,300,2000,8
50,LINK,0,113,9,1.002,Fog.Node.9,300,2000,9
51,LINK,0,41,10,1.002,Fog.Node.10,300,2000,10
52,LINK,0,36,11,1.002,Fog.Node.11,300,2000,11
53,LINK,0,41,12,1.002,Fog.Node.12,300,2000,12
54,LINK,0,173,13,1.002,Fog.Node.13,300,2000,13
55,LINK,0,118,14,1.002,Fog.Node.14,300,2000,14
56,LINK,0,113,15,1.002,Fog.Node.15,300,2000,15
57,LINK,0,113,16,1.002,Fog.Node.16,300,2000,16
58,LINK,0,173,17,1.002,Fog.Node.17,300,2000,17
59,LINK,0,173,18,1.002,Fog.Node.18,300,2000,18
60,LINK,0,118,19,1.002,Fog.Node.19,300,2000,19
41,LINK,41,40,0,1.00002,Fog.Node.0,301.00002,20,17
42,LINK,170,61,1,1.00002,Fog.Node.1,301.00002,20,18
43,LINK,113,32,2,1.00002,Fog.Node.2,301.00002,20,19
44,LINK,173,73,3,1.002,Fog.Node.3,301.002,2000,14
46,LINK,142,60,5,1.002,Fog.Node.5,301.002,2000,15
47,LINK,133,96,6,1.002,Fog.Node.6,301.002,2000,16
49,LINK,187,109,8,1.002,Fog.Node.8,301.002,2000,17
52,LINK,36,49,11,1.002,Fog.Node.11,301.002,2000,18
55,LINK,118,33,14,1.002,Fog.Node.14,301.002,2000,19
41,LINK,40,55,0,1.00002,Fog.Node.0,302.00004,20,17
43,LINK,32,67,2,1.00002,Fog.Node.2,302.00004,20,18
48,LINK,41,45,7,1.002,Fog.Node.7,302.00202,2000,17
50,LINK,113,1,9,1.002,Fog.Node.9,302.00202,2000,18
45,LINK,173,81,4,1.002,Fog.Node.4,302.004,2000,11
60,LINK,118,2,19,1.002,Fog.Node.19,302.004,2000,12
46,LINK,60,89,5,1.002,Fog.Node.5,302.004,2000,13
55,LINK,33,64,14,1.002,Fog.Node.14,302.004,2000,14
51,LINK,41,45,10,1.002,Fog.Node.10,303.00402,2000,9
56,LINK,113,32,15,1.002,Fog.Node.15,303.00402,2000,10
48,LINK,45,102,7,1.002,Fog.Node.7,303.00402,2000,11
50,LINK,1,176,9,1.002,Fog.Node.9,303.00402,2000,12
54,LINK,173,59,13,1.002,Fog.Node.13,303.00600000000003,2000,8
60,LINK,2,148,19,1.002,Fog.Node.19,303.00600000000003,2000,9
53,LINK,41,40,12,1.002,Fog.Node.12,304.00602000000003,2000,4
57,LINK,113,1,16,1.002,Fog.Node.16,304.00602000000003,2000,5
56,LINK,32,71,15,1.002,Fog.Node.15,304.00602000000003,2000,6
58,LINK,173,81,17,1.002,Fog.Node.17,304.00800000000004,2000,4
53,LINK,40,55,12,1.002,Fog.Node.12,305.00802000000004,2000,2
57,LINK,1,76,16,1.002,Fog.Node.16,305.00802000000004,2000,3
59,LINK,173,87,18,1.002,Fog.Node.18,305.01000000000005,2000,2
61,LINK,0,41,0,1.00002,Fog.Node.0,400,20,0
62,LINK,0,170,1,1.00002,Fog.Node.1,400,20,1
63,LINK,0,113,2,1.00002,Fog.Node.2,400,20,2
64,LINK,0,173,3,1.002,Fog.Node.3,400,2000,3
65,LINK,0,173,4,1.002,Fog.Node.4,400,2000,4
66,LINK,0,142,5,1.002,Fog.Node.5,400,2000,5
67,LINK,0,133,6,1.002,Fog.Node.6,400,2000,6
68,LINK,0,41,7,1.002,Fog.Node.7,400,2000,7
69,LINK,0,187,8,1.002,Fog.Node.8,400,2000,8
70,LINK,0,113,9,1.002,Fog.Node.9,400,2000,9
71,LINK,0,41,10,1.002,Fog.Node.10,400,2000,10
72,LINK,0,36,11,1.002,Fog.Node.11,400,2000,11
73,LINK,0,41,12,1.002,Fog.Node.12,400,2000,12
74,LINK,0,173,13,1.002,Fog.Node.13,400,2000,13
75,LINK,0,118,14,1.002,Fog.Node.14,400,2000,14
76,LINK,0,113,15,1.002,Fog.Node.15,400,2000,15
77,LINK,0,113,16,1.002,Fog.Node.16,400,2000,16
78,LINK,0,173,17,1.002,Fog.Node.17,400,2000,17
79,LINK,0,173,18,1.002,Fog.Node.18,400,2000,18
80,LINK,0,118,19,1.002,Fog.Node.19,400,2000,19
61,LINK,41,40,0,1.00002,Fog.Node.0,401.00002,20,17
62,LINK,170,61,1,1.00002,Fog.Node.1,401.00002,20,18
63,LINK,113,32,2,1.00002,Fog.Node.2,401.00002,20,19
64,LINK,173,73,3,1.002,Fog.Node.3,401.002,2000,14
66,LINK,142,60,5,1.002,Fog.Node.5,401.002,2000,15
67,LINK,133,96,6,1.002,Fog.Node.6,401.002,2000,16
69,LINK,187,109,8,1.002,Fog.Node.8,401.002,2000,17
72,LINK,36,49,11,1.002,Fog.Node.11,401.002,2000,18
75,LINK,118,33,14,1.002,Fog.Node.14,401.002,2000,19
61,LINK,40,55,0,1.00002,Fog.Node.0,402.00004,20,17
63,LINK,32,67,2,1.00002,Fog.Node.2,402.00004,20,18
68,LINK,41,45,7,1.002,Fog.Node.7,402.00202,2000,17
70,LINK,113,1,9,1.002,Fog.Node.9,402.00202,2000,18
65,LINK,173,81,4,1.002,Fog.Node.4,402.004,2000,11
80,LINK,118,2,19,1.002,Fog.Node.19,402.004,2000,12
66,LINK,60,89,5,1.002,Fog.Node.5,402.004,2000,13
75,LINK,33,64,14,1.002,Fog.Node.14,402.004,2000,14
71,LINK,41,45,10,1.002,Fog.Node.10,403.00402,2000,9
76,LINK,113,32,15,1.002,Fog.Node.15,403.00402,2000,10
68,LINK,45,102,7,1.002,Fog.Node.7,403.00402,2000,11
70,LINK,1,176,9,1.002,Fog.Node.9,403.00402,2000,12
74,LINK,173,59,13,1.002,Fog.Node.13,403.00600000000003,2000,8
80,LINK,2,148,19,1.002,Fog.Node.19,403.00600000000003,2000,9
73,LINK,41,40,12,1.002,Fog.Node.12,404.00602000000003,2000,4
77,LINK,113,1,16,1.002,Fog.Node.16,404.00602000000003,2000,5
76,LINK,32,71,15,1.002,Fog.Node.15,404.00602000000003,2000,6
78,LINK,173,81,17,1.002,Fog.Node.17,404.00800000000004,2000,4
73,LINK,40,55,12,1.002,Fog.Node.12,405.00802000000004,2000,2
77,LINK,1,76,16,1.002,Fog.Node.16,405.00802000000004,2000,3
79,LINK,173,87,18,1.002,Fog.Node.18,405.01000000000005,2000,2
81,LINK,0,41,0,1.00002,Fog.Node.0,500,20,0
82,LINK,0,170,1,1.00002,Fog.Node.1,500,20,1
83,LINK,0,113,2,1.00002,Fog.Node.2,500,20,2
84,LINK,0,173,3,1.002,Fog.Node.3,500,2000,3
85,LINK,0,173,4,1.002,Fog.Node.4,500,2000,4
86,LINK,0,142,5,1.002,Fog.Node.5,500,2000,5
87,LINK,0,133,6,1.002,Fog.Node.6,500,2000,6
88,LINK,0,41,7,1.002,Fog.Node.7,500,2000,7
89,LINK,0,187,8,1.002,Fog.Node.8,500,2000,8
90,LINK,0,113,9,1.002,Fog.Node.9,500,2000,9
91,LINK,0,41,10,1.002,Fog.Node.10,500,2000,10
92,LINK,0,36,11,1.002,Fog.Node.11,500,2000,11
93,LINK,0,41,12,1.002,Fog.Node.12,500,2000,12
94,LINK,0,173,13,1.002,Fog.Node.13,500,2000,13
95,LINK,0,118,14,1.002,Fog.Node.14,500,2000,14
96,LINK,0,113,15,1.002,Fog.Node.15,500,2000,15
97,LINK,0,113,16,1.002,Fog.Node.16,500,2000,16
98,LINK,0,173,17,1.002,Fog.Node.17,500,2000,17
99,LINK,0,173,18,1.002,Fog.Node.18,500,2000,18
100,LINK,0,118,19,1.002,Fog.Node.19,500,2000,19
81,LINK,41,40,0,1.00002,Fog.Node.0,501.00002,20,17
82,LINK,170,61,1,1.00002,Fog.Node.1,501.00002,20,18
83,LINK,113,32,2,1.00002,Fog.Node.2,501.00002,20,19
84,LINK,173,73,3,1.002,Fog.Node.3,501.002,2000,14
86,LINK,142,60,5,1.002,Fog.Node.5,501.002,2000,15
87,LINK,133,96,6,1.002,Fog.Node.6,501.002,2000,16
89,LINK,187,109,8,1.002,Fog.Node.8,501.002,2000,17
92,LINK,36,49,11,1.002,Fog.Node.11,501.002,2000,18
95,LINK,118,33,14,1.002,Fog.Node.14,501.002,2000,19
81,LINK,40,55,0,1.00002,Fog.Node.0,502.00004,20,17
83,LINK,32,67,2,1.00002,Fog.Node.2,502.00004,20,18
88,LINK,41,45,7,1.002,Fog.Node.7,502.00202,2000,17
90,LINK,113,1,9,1.002,Fog.Node.9,502.00202,2000,18
85,LINK,173,81,4,1.002,Fog.Node.4,502.004,2000,11
100,LINK,118,2,19,1.002,Fog.Node.19,502.004,2000,12
86,LINK,60,89,5,1.002,Fog.Node.5,502.004,2000,13
95,LINK,33,64,14,1.002,Fog.Node.14,502.004,2000,14
91,LINK,41,45,10,1.002,Fog.Node.10,503.00402,2000,9
96,LINK,113,32,15,1.002,Fog.Node.15,503.00402,2000,10
88,LINK,45,102,7,1.002,Fog.Node.7,503.00402,2000,11
90,LINK,1,176,9,1.002,Fog.Node.9,503.00402,2000,12
94,LINK,173,59,13,1.002,Fog.Node.13,503.00600000000003,2000,8
100,LINK,2,148,19,1.002,Fog.Node.19,503.00600000000003,2000,9
93,LINK,41,40,12,1.002,Fog.Node.12,504.00602000000003,2000,4
97,LINK,113,1,16,1.002,Fog.Node.16,504.00602000000003,2000,5
96,LINK,32,71,15,1.002,Fog.Node.15,504.00602000000003,2000,6
98,LINK,173,81,17,1.002,Fog.Node.17,504.00800000000004,2000,4
93,LINK,40,55,12,1.002,Fog.Node.12,505.00802000000004,2000,2
97,LINK,1,76,16,1.002,Fog.Node.16,505.00802000000004,2000,3
99,LINK,173,87,18,1.002,Fog.Node.18,505.01000000000005,2000,2
101,LINK,0,41,0,1.00002,Fog.Node.0,600,20,0
102,LINK,0,170,1,1.00002,Fog.Node.1,600,20,1
103,LINK,0,113,2,1.00002,Fog.Node.2,600,20,2
104,LINK,0,173,3,1.002,Fog.Node.3,600,2000,3
105,LINK,0,173,4,1.002,Fog.Node.4,600,2000,4
106,LINK,0,142,5,1.002,Fog.Node.5,600,2000,5
107,LINK,0,133,6,1.002,Fog.Node.6,600,2000,6
108,LINK,0,41,7,1.002,Fog.Node.7,600,2000,7
109,LINK,0,187,8,1.002,Fog.Node.8,600,2000,8
110,LINK,0,113,9,1.002,Fog.Node.9,600,2000,9
111,LINK,0,41,10,1.002,Fog.Node.10,600,2000,10
112,LINK,0,36,11,1.002,Fog.Node.11,600,2000,11
113,LINK,0,41,12,1.002,Fog.Node.12,600,2000,12
114,LINK,0,173,13,1.002,Fog.Node.13,600,2000,13
115,LINK,0,118,14,1.002,Fog.Node.14,600,2000,14
116,LINK,0,113,15,1.002,Fog.Node.15,600,2000,15
117,LINK,0,113,16,1.002,Fog.Node.16,600,2000,16
118,LINK,0,173,17,1.002,Fog.Node.17,600,2000,17
119,LINK,0,173,18,1.002,Fog.Node.18,600,2000,18
120,LINK,0,118,19,1.002,Fog.Node.19,600,2000,19
101,LINK,41,40,0,1.00002,Fog.Node.0,601.00002,20,17
102,LINK,170,61,1,1.00002,Fog.Node.1,601.00002,20,18
103,LINK,113,32,2,1.00002,Fog.Node.2,601.00002,20,19
104,LINK,173,73,3,1.002,Fog.Node.3,601.002,2000,14
106,LINK,142,60,5,1.002,Fog.Node.5,601.002,2000,15
107,LINK,133,96,6,1.002,Fog.Node.6,601.002,2000,16
109,LINK,187,109,8,1.002,Fog.Node.8,601.002,2000,17
112,LINK,36,49,11,1.002,Fog.Node.11,601.002,2000,18
115,LINK,118,33,14,1.002,Fog.Node.14,601.002,2000,19
101,LINK,40,55,0,1.00002,Fog.Node.0,602.0000399999999,20,17
103,LINK,32,67,2,1.00002,Fog.Node.2,602.0000399999999,20,18
108,LINK,41,45,7,1.002,Fog.Node.7,602.0020199999999,2000,17
110,LINK,113,1,9,1.002,Fog.Node.9,602.0020199999999,2000,18
105,LINK,173,81,4,1.002,Fog.Node.4,602.0039999999999,2000,11
120,LINK,118,2,19,1.002,Fog.Node.19,602.0039999999999,2000,12
106,LINK,60,89,5,1.002,Fog.Node.5,602.0039999999999,2000,13
115,LINK,33,64,14,1.002,Fog.Node.14,602.0039999999999,2000,14
111,LINK,41,45,10,1.002,Fog.Node.10,603.0040199999999,2000,9
116,LINK,113,32,15,1.002,Fog.Node.15,603.0040199999999,2000,10
108,LINK,45,102,7,1.002,Fog.Node.7,603.0040199999999,2000,11
110,LINK,1,176,9,1.002,Fog.Node.9,603.0040199999999,2000,12
114,LINK,173,59,13,1.002,Fog.Node.13,603.0059999999999,2000,8
120,LINK,2,148,19,1.002,Fog.Node.19,603.0059999999999,2000,9
113,LINK,41,40,12,1.002,Fog.Node.12,604.0060199999998,2000,4
117,LINK,113,1,16,1.002,Fog.Node.16,604.0060199999998,2000,5
116,LINK,32,71,15,1.002,Fog.Node.15,604.0060199999998,2000,6
118,LINK,173,81,17,1.002,Fog.Node.17,604.0079999999998,2000,4
113,LINK,40,55,12,1.002,Fog.Node.12,605.0080199999998,2000,2
117,LINK,1,76,16,1.002,Fog.Node.16,605.0080199999998,2000,3
119,LINK,173,87,18,1.002,Fog.Node.18,605.0099999999998,2000,2
121,LINK,0,41,0,1.00002,Fog.Node.0,700,20,0
122,LINK,0,170,1,1.00002,Fog.Node.1,700,20,1
123,LINK,0,113,2,1.00002,Fog.Node.2,700,20,2
124,LINK,0,173,3,1.002,Fog.Node.3,700,2000,3
125,LINK,0,173,4,1.002,Fog.Node.4,700,2000,4
126,LINK,0,142,5,1.002,Fog.Node.5,700,2000,5
127,LINK,0,133,6,1.002,Fog.Node.6,700,2000,6
128,LINK,0,41,7,1.002,Fog.Node.7,700,2000,7
129,LINK,0,187,8,1.002,Fog.Node.8,700,2000,8
130,LINK,0,113,9,1.002,Fog.Node.9,700,2000,9
131,LINK,0,41,10,1.002,Fog.Node.10,700,2000,10
132,LINK,0,36,11,1.002,Fog.Node.11,700,2000,11
133,LINK,0,41,12,1.002,Fog.Node.12,700,2000,12
134,LINK,0,173,13,1.002,Fog.Node.13,700,2000,13
135,LINK,0,118,14,1.002,Fog.Node.14,700,2000,14
136,LINK,0,113,15,1.002,Fog.Node.15,700,2000,15
137,LINK,0,113,16,1.002,Fog.Node.16,700,2000,16
138,LINK,0,173,17,1.002,Fog.Node.17,700,2000,17
139,LINK,0,173,18,1.002,Fog.Node.18,700,2000,18
140,LINK,0,118,19,1.002,Fog.Node.19,700,2000,19
121,LINK,41,40,0,1.00002,Fog.Node.0,701.00002,20,17
122,LINK,170,61,1,1.00002,Fog.Node.1,701.00002,20,18
123,LINK,113,32,2,1.00002,Fog.Node.2,701.00002,20,19
124,LINK,173,73,3,1.002,Fog.Node.3,701.002,2000,14
126,LINK,142,60,5,1.002,Fog.Node.5,701.002,2000,15
127,LINK,133,96,6,1.002,Fog.Node.6,701.002,2000,16
129,LINK,187,109,8,1.002,Fog.Node.8,701.002,2000,17
132,LINK,36,49,11,1.002,Fog.Node.11,701.002,2000,18
135,LINK,118,33,14,1.002,Fog.Node.14,701.002,2000,19
121,LINK,40,55,0,1.00002,Fog.Node.0,702.0000399999999,20,17
123,LINK,32,67,2,1.00002,Fog.Node.2,702.0000399999999,20,18
128,LINK,41,45,7,1.002,Fog.Node.7,702.0020199999999,2000,17
130,LINK,113,1,9,1.002,Fog.Node.9,702.0020199999999,2000,18
125,LINK,173,81,4,1.002,Fog.Node.4,702.0039999999999,2000,11
140,LINK,118,2,19,1.002,Fog.Node.19,702.0039999999999,2000,12
126,LINK,60,89,5,1.002,Fog.Node.5,702.0039999999999,2000,13
135,LINK,33,64,14,1.002,Fog.Node.14,702.0039999999999,2000,14
131,LINK,41,45,10,1.002,Fog.Node.10,703.0040199999999,2000,9
136,LINK,113,32,15,1.002,Fog.Node.15,703.0040199999999,2000,10
128,LINK,45,102,7,1.002,Fog.Node.7,703.0040199999999,2000,11
130,LINK,1,176,9,1.002,Fog.Node.9,703.0040199999999,2000,12
134,LINK,173,59,13,1.002,Fog.Node.13,703.0059999999999,2000,8
140,LINK,2,148,19,1.002,Fog.Node.19,703.0059999999999,2000,9
133,LINK,41,40,12,1.002,Fog.Node.12,704.0060199999998,2000,4
137,LINK,113,1,16,1.002,Fog.Node.16,704.0060199999998,2000,5
136,LINK,32,71,15,1.002,Fog.Node.15,704.0060199999998,2000,6
138,LINK,173,81,17,1.002,Fog.Node.17,704.0079999999998,2000,4
133,LINK,40,55,12,1.002,Fog.Node.12,705.0080199999998,2000,2
137,LINK,1,76,16,1.002,Fog.Node.16,705.0080199999998,2000,3
139,LINK,173,87,18,1.002,Fog.Node.18,705.0099999999998,2000,2
141,LINK,0,41,0,1.00002,Fog.Node.0,800,20,0
142,LINK,0,170,1,1.00002,Fog.Node.1,800,20,1
143,LINK,0,113,2,1.00002,Fog.Node.2,800,20,2
144,LINK,0,173,3,1.002,Fog.Node.3,800,2000,3
145,LINK,0,173,4,1.002,Fog.Node.4,800,2000,4
146,LINK,0,142,5,1.002,Fog.Node.5,800,2000,5
147,LINK,0,133,6,1.002,Fog.Node.6,800,2000,6
148,LINK,0,41,7,1.002,Fog.Node.7,800,2000,7
149,LINK,0,187,8,1.002,Fog.Node.8,800,2000,8
150,LINK,0,113,9,1.002,Fog.Node.9,800,2000,9
151,LINK,0,41,10,1.002,Fog.Node.10,800,2000,10
152,LINK,0,36,11,1.002,Fog.Node.11,800,2000,11
153,LINK,0,41,12,1.002,Fog.Node.12,800,2000,12
154,LINK,0,173,13,1.002,Fog.Node.13,800,2000,13
155,LINK,0,118,14,1.002,Fog.Node.14,800,2000,14
156,LINK,0,113,15,1.002,Fog.Node.15,800,2000,15
157,LINK,0,113,16,1.002,Fog.Node.16,800,2000,16
158,LINK,0,173,17,1.002,Fog.Node.17,800,2000,17
159,LINK,0,173,18,1.002,Fog.Node.18,800,2000,18
160,LINK,0,118,19,1.002,Fog.Node.19,800,2000,19
141,LINK,41,40,0,1.00002,Fog.Node.0,801.00002,20,17
142,LINK,170,61,1,1.00002,Fog.Node.1,801.00002,20,18
143,LINK,113,32,2,1.00002,Fog.Node.2,801.00002,20,19
144,LINK,173,73,3,1.002,Fog.Node.3,801.002,2000,14
146,LINK,142,60,5,1.002,Fog.Node.5,801.002,2000,15
147,LINK,133,96,6,1.002,Fog.Node.6,801.002,2000,16
149,LINK,187,109,8,1.002,Fog.Node.8,801.002,2000,17
152,LINK,36,49,11,1.002,Fog.Node.11,801.002,2000,18
155,LINK,118,33,14,1.002,Fog.Node.14,801.002,2000,19
141,LINK,40,55,0,1.00002,Fog.Node.0,802.0000399999999,20,17
143,LINK,32,67,2,1.00002,Fog.Node.2,802.0000399999999,20,18
148,LINK,41,45,7,1.002,Fog.Node.7,802.0020199999999,2000,17
150,LINK,113,1,9,1.002,Fog.Node.9,802.0020199999999,2000,18
145,LINK,173,81,4,1.002,Fog.Node.4,802.0039999999999,2000,11
160,LINK,118,2,19,1.002,Fog.Node.19,802.0039999999999,2000,12
146,LINK,60,89,5,1.002,Fog.Node.5,802.0039999999999,2000,13
155,LINK,33,64,14,1.002,Fog.Node.14,802.0039999999999,2000,14
151,LINK,41,45,10,1.002,Fog.Node.10,803.0040199999999,2000,9
156,LINK,113,32,15,1.002,Fog.Node.15,803.0040199999999,2000,10
148,LINK,45,102,7,1.002,Fog.Node.7,803.0040199999999,2000,11
150,LINK,1,176,9,1.002,Fog.Node.9,803.0040199999999,2000,12
154,LINK,173,59,13,1.002,Fog.Node.13,803.0059999999999,2000,8
160,LINK,2,148,19,1.002,Fog.Node.19,803.0059999999999,2000,9
153,LINK,41,40,12,1.002,Fog.Node.12,804.0060199999998,2000,4
157,LINK,113,1,16,1.002,Fog.Node.16,804.0060199999998,2000,5
156,LINK,32,71,15,1.002,Fog.Node.15,804.0060199999998,2000,6
158,LINK,173,81,17,1.002,Fog.Node.17,804.0079999999998,2000,4
153,LINK,40,55,12,1.002,Fog.Node.12,805.0080199999998,2000,2
157,LINK,1,76,16,1.002,Fog.Node.16,805.0080199999998,2000,3
159,LINK,173,87,18,1.002,Fog.Node.18,805.0099999999998,2000,2
161,LINK,0,41,0,1.00002,Fog.Node.0,900,20,0
162,LINK,0,170,1,1.00002,Fog.Node.1,900,20,1
163,LINK,0,113,2,1.00002,Fog.Node.2,900,20,2
164,LINK,0,173,3,1.002,Fog.Node.3,900,2000,3
165,LINK,0,173,4,1.002,Fog.Node.4,900,2000,4
166,LINK,0,142,5,1.002,Fog.Node.5,900,2000,5
167,LINK,0,133,6,1.002,Fog.Node.6,900,2000,6
168,LINK,0,41,7,1.002,Fog.Node.7,900,2000,7
169,LINK,0,187,8,1.002,Fog.Node.8,900,2000,8
170,LINK,0,113,9,1.002,Fog.Node.9,900,2000,9
171,LINK,0,41,10,1.002,Fog.Node.10,900,2000,10
172,LINK,0,36,11,1.002,Fog.Node.11,900,2000,11
173,LINK,0,41,12,1.002,Fog.Node.12,900,2000,12
174,LINK,0,173,13,1.002,Fog.Node.13,900,2000,13
175,LINK,0,118,14,1.002,Fog.Node.14,900,2000,14
176,LINK,0,113,15,1.002,Fog.Node.15,900,2000,15
177,LINK,0,113,16,1.002,Fog.Node.16,900,2000,16
178,LINK,0,173,17,1.002,Fog.Node.17,900,2000,17
179,LINK,0,173,18,1.002,Fog.Node.18,900,2000,18
180,LINK,0,118,19,1.002,Fog.Node.19,900,2000,19
161,LINK,41,40,0,1.00002,Fog.Node.0,901.00002,20,17
162,LINK,170,61,1,1.00002,Fog.Node.1,901.00002,20,18
163,LINK,113,32,2,1.00002,Fog.Node.2,901.00002,20,19
164,LINK,173,73,3,1.002,Fog.Node.3,901.002,2000,14
166,LINK,142,60,5,1.002,Fog.Node.5,901.002,2000,15
167,LINK,133,96,6,1.002,Fog.Node.6,901.002,2000,16
169,LINK,187,109,8,1.002,Fog.Node.8,901.002,2000,17
172,LINK,36,49,11,1.002,Fog.Node.11,901.002,2000,18
175,LINK,118,33,14,1.002,Fog.Node.14,901.002,2000,19
161,LINK,40,55,0,1.00002,Fog.Node.0,902.0000399999999,20,17
163,LINK,32,67,2,1.00002,Fog.Node.2,902.0000399999999,20,18
168,LINK,41,45,7,1.002,Fog.Node.7,902.0020199999999,2000,17
170,LINK,113,1,9,1.002,Fog.Node.9,902.0020199999999,2000,18
165,LINK,173,81,4,1.002,Fog.Node.4,902.0039999999999,2000,11
180,LINK,118,2,19,1.002,Fog.Node.19,902.0039999999999,2000,12
166,LINK,60,89,5,1.002,Fog.Node.5,902.0039999999999,2000,13
175,LINK,33,64,14,1.002,Fog.Node.14,902.0039999999999,2000,14
171,LINK,41,45,10,1.002,Fog.Node.10,903.0040199999999,2000,9
176,LINK,113,32,15,1.002,Fog.Node.15,903.0040199999999,2000,10
168,LINK,45,102,7,1.002,Fog.Node.7,903.0040199999999,2000,11
170,LINK,1,176,9,1.002,Fog.Node.9,903.0040199999999,2000,12
174,LINK,173,59,13,1.002,Fog.Node.13,903.0059999999999,2000,8
180,LINK,2,148,19,1.002,Fog.Node.19,903.0059999999999,2000,9
173,LINK,41,40,12,1.002,Fog.Node.12,904.0060199999998,2000,4
177,LINK,113,1,16,1.002,Fog.Node.16,904.0060199999998,2000,5
176,LINK,32,71,15,1.002,Fog.Node.15,904.0060199999998,2000,6
178,LINK,173,81,17,1.002,Fog.Node.17,904.0079999999998,2000,4
173,LINK,40,55,12,1.002,Fog.Node.12,905.0080199999998,2000,2
177,LINK,1,76,16,1.002,Fog.Node.16,905.0080199999998,2000,3
179,LINK,173,87,18,1.002,Fog.Node.18,905.0099999999998,2000,2
181,LINK,0,41,0,1.00002,Fog.Node.0,1000,20,0
182,LINK,0,170,1,1.00002,Fog.Node.1,1000,20,1
183,LINK,0,113,2,1.00002,Fog.Node.2,1000,20,2
184,LINK,0,173,3,1.002,Fog.Node.3,1000,2000,3
185,LINK,0,173,4,1.002,Fog.Node.4,1000,2000,4
186,LINK,0,142,5,1.002,Fog.Node.5,1000,2000,5
187,LINK,0,133,6,1.002,Fog.Node.6,1000,2000,6
188,LINK,0,41,7,1.002,Fog.Node.7,1000,2000,7
189,LINK,0,187,8,1.002,Fog.Node.8,1000,2000,8
190,LINK,0,113,9,1.002,Fog.Node.9,1000,2000,9
191,LINK,0,41,10,1.002,Fog.Node.10,1000,2000,10
192,LINK,0,36,11,1.002,Fog.Node.11,1000,2000,11
193,LINK,0,41,12,1.002,Fog.Node.12,1000,2000,12
194,LINK,0,173,13,1.002,Fog.Node.13,1000,2000,13
195,LINK,0,118,14,1.002,Fog.Node.14,1000,2000,14
196,LINK,0,113,15,1.002,Fog.Node.15,1000,2000,15
197,LINK,0,113,16,1.002,Fog.Node.16,1000,2000,16
198,LINK,0,173,17,1.002,Fog.Node.17,1000,2000,17
199,LINK,0,173,18,1.002,Fog.Node.18,1000,2000,18
200,LINK,0,118,19,1.002,Fog.Node.19,1000,2000,19
181,LINK,41,40,0,1.00002,Fog.Node.0,1001.00002,20,17
182,LINK,170,61,1,1.00002,Fog.Node.1,1001.00002,20,18
183,LINK,113,32,2,1.00002,Fog.Node.2,1001.00002,20,19
184,LINK,173,73,3,1.002,Fog.Node.3,1001.002,2000,14
186,LINK,142,60,5,1.002,Fog.Node.5,1001.002,2000,15
187,LINK,133,96,6,1.002,Fog.Node.6,1001.002,2000,16
189,LINK,187,109,8,1.002,Fog.Node.8,1001.002,2000,17
192,LINK,36,49,11,1.002,Fog.Node.11,1001.002,2000,18
195,LINK,118,33,14,1.002,Fog.Node.14,1001.002,2000,19
181,LINK,40,55,0,1.00002,Fog.Node.0,1002.0000399999999,20,17
183,LINK,32,67,2,1.00002,Fog.Node.2,1002.0000399999999,20,18
188,LINK,41,45,7,1.002,Fog.Node.7,1002.0020199999999,2000,17
190,LINK,113,1,9,1.002,Fog.Node.9,1002.0020199999999,2000,18
185,LINK,173,81,4,1.002,Fog.Node.4,1002.0039999999999,2000,11
200,LINK,118,2,19,1.002,Fog.Node.19,1002.0039999999999,2000,12
186,LINK,60,89,5,1.002,Fog.Node.5,1002.0039999999999,2000,13
195,LINK,33,64,14,1.002,Fog.Node.14,1002.0039999999999,2000,14
191,LINK,41,45,10,1.002,Fog.Node.10,1003.0040199999999,2000,9
196,LINK,113,32,15,1.002,Fog.Node.15,1003.0040199999999,2000,10
188,LINK,45,102,7,1.002,Fog.Node.7,1003.0040199999999,2000,11
190,LINK,1,176,9,1.002,Fog.Node.9,1003.0040199999999,2000,12
194,LINK,173,59,13,1.002,Fog.Node.13,1003.0059999999999,2000,8
200,LINK,2,148,19,1.002,Fog.Node.19,1003.0059999999999,2000,9
193,LINK,41,40,12,1.002,Fog.Node.12,1004.0060199999998,2000,4
197,LINK,113,1,16,1.002,Fog.Node.16,1004.0060199999998,2000,5
196,LINK,32,71,15,1.002,Fog.Node.15,1004.0060199999998,2000,6
198,LINK,173,81,17,1.002,Fog.Node.17,1004.0079999999998,2000,4
193,LINK,40,55,12,1.002,Fog.Node.12,1005.0080199999998,2000,2
197,LINK,1,76,16,1.002,Fog.Node.16,1005.0080199999998,2000,3
199,LINK,173,87,18,1.002,Fog.Node.18,1005.0099999999998,2000,2
201,LINK,0,41,0,1.00002,Fog.Node.0,1100,20,0
202,LINK,0,170,1,1.00002,Fog.Node.1,1100,20,1
203,LINK,0,113,2,1.00002,Fog.Node.2,1100,20,2
204,LINK,0,173,3,1.002,Fog.Node.3,1100,2000,3
205,LINK,0,173,4,1.002,Fog.Node.4,1100,2000,4
206,LINK,0,142,5,1.002,Fog.Node.5,1100,2000,5
207,LINK,0,133,6,1.002,Fog.Node.6,1100,2000,6
208,LINK,0,41,7,1.002,Fog.Node.7,1100,2000,7
209,LINK,0,187,8,1.002,Fog.Node.8,1100,2000,8
210,LINK,0,113,9,1.002,Fog.Node.9,1100,2000,9
211,LINK,0,41,10,1.002,Fog.Node.10,1100,2000,10
212,LINK,0,36,11,1.002,Fog.Node.11,1100,2000,11
213,LINK,0,41,12,1.002,Fog.Node.12,1100,2000,12
214,LINK,0,173,13,1.002,Fog.Node.13,1100,2000,13
215,LINK,0,118,14,1.002,Fog.Node.14,1100,2000,14
216,LINK,0,113,15,1.002,Fog.Node.15,1100,2000,15
217,LINK,0,113,16,1.002,Fog.Node.16,1100,2000,16
218,LINK,0,173,17,1.002,Fog.Node.17,1100,2000,17
219,LINK,0,173,18,1.002,Fog.Node.18,1100,2000,18
220,LINK,0,118,19,1.002,Fog.Node.19,1100,2000,19
201,LINK,41,40,0,1.00002,Fog.Node.0,1101.00002,20,17
202,LINK,170,61,1,1.00002,Fog.Node.1,1101.00002,20,18
203,LINK,113,32,2,1.00002,Fog.Node.2,1101.00002,20,19
204,LINK,173,73,3,1.002,Fog.Node.3,1101.002,2000,14
206,LINK,142,60,5,1.002,Fog.Node.5,1101.002,2000,15
207,LINK,133,96,6,1.002,Fog.Node.6,1101.002,2000,16
209,LINK,187,109,8,1.002,Fog.Node.8,1101.002,2000,17
212,LINK,36,49,11,1.002,Fog.Node.11,1101.002,2000,18
215,LINK,118,33,14,1.002,Fog.Node.14,1101.002,2000,19
201,LINK,40,55,0,1.00002,Fog.Node.0,1102.00004,20,17
203,LINK,32,67,2,1.00002,Fog.Node.2,1102.00004,20,18
208,LINK,41,45,7,1.002,Fog.Node.7,1102.00202,2000,17
210,LINK,113,1,9,1.002,Fog.Node.9,1102.00202,2000,18
205,LINK,173,81,4,1.002,Fog.Node.4,1102.004,2000,11
220,LINK,118,2,19,1.002,Fog.Node.19,1102.004,2000,12
206,LINK,60,89,5,1.002,Fog.Node.5,1102.004,2000,13
215,LINK,33,64,14,1.002,Fog.Node.14,1102.004,2000,14
211,LINK,41,45,10,1.002,Fog.Node.10,1103.0040199999999,2000,9
216,LINK,113,32,15,1.002,Fog.Node.15,1103.0040199999999,2000,10
208,LINK,45,102,7,1.002,Fog.Node.7,1103.0040199999999,2000,11
210,LINK,1,176,9,1.002,Fog.Node.9,1103.0040199999999,2000,12
214,LINK,173,59,13,1.002,Fog.Node.13,1103.0059999999999,2000,8
220,LINK,2,148,19,1.002,Fog.Node.19,1103.0059999999999,2000,9
213,LINK,41,40,12,1.002,Fog.Node.12,1104.0060199999998,2000,4
217,LINK,113,1,16,1.002,Fog.Node.16,1104.0060199999998,2000,5
216,LINK,32,71,15,1.002,Fog.Node.15,1104.0060199999998,2000,6
218,LINK,173,81,17,1.002,Fog.Node.17,1104.0079999999998,2000,4
213,LINK,40,55,12,1.002,Fog.Node.12,1105.0080199999998,2000,2
217,LINK,1,76,16,1.002,Fog.Node.16,1105.0080199999998,2000,3
219,LINK,173,87,18,1.002,Fog.Node.18,1105.0099999999998,2000,2
221,LINK,0,41,0,1.00002,Fog.Node.0,1200,20,0
222,LINK,0,170,1,1.00002,Fog.Node.1,1200,20,1
223,LINK,0,113,2,1.00002,Fog.Node.2,1200,20,2
224,LINK,0,173,3,1.002,Fog.Node.3,1200,2000,3
225,LINK,0,173,4,1.002,Fog.Node.4,1200,2000,4
226,LINK,0,142,5,1.002,Fog.Node.5,1200,2000,5
227,LINK,0,133,6,1.002,Fog.Node.6,1200,2000,6
228,LINK,0,41,7,1.002,Fog.Node.7,1200,2000,7
229,LINK,0,187,8,1.002,Fog.Node.8,1200,2000,8
230,LINK,0,113,9,1.002,Fog.Node.9,1200,2000,9
231,LINK,0,41,10,1.002,Fog.Node.10,1200,2000,10
232,LINK,0,36,11,1.002,Fog.Node.11,1200,2000,11
233,LINK,0,41,12,1.002,Fog.Node.12,1200,2000,12
234,LINK,0,173,13,1.002,Fog.Node.13,1200,2000,13
235,LINK,0,118,14,1.002,Fog.Node.14,1200,2000,14
236,LINK,0,113,15,1.002,Fog.Node.15,1200,2000,15
237,LINK,0,113,16,1.002,Fog.Node.16,1200,2000,16
238,LINK,0,173,17,1.002,Fog.Node.17,1200,2000,17
239,LINK,0,173,18,1.002,Fog.Node.18,1200,2000,18
240,LINK,0,118,19,1.002,Fog.Node.19,1200,2000,19
221,LINK,41,40,0,1.00002,Fog.Node.0,1201.00002,20,17
222,LINK,170,61,1,1.00002,Fog.Node.1,1201.00002,20,18
223,LINK,113,32,2,1.00002,Fog.Node.2,1201.00002,20,19
224,LINK,173,73,3,1.002,Fog.Node.3,1201.002,2000,14
226,LINK,142,60,5,1.002,Fog.Node.5,1201.002,2000,15
227,LINK,133,96,6,1.002,Fog.Node.6,1201.002,2000,16
229,LINK,187,109,8,1.002,Fog.Node.8,1201.002,2000,17
232,LINK,36,49,11,1.002,Fog.Node.11,1201.002,2000,18
235,LINK,118,33,14,1.002,Fog.Node.14,1201.002,2000,19
221,LINK,40,55,0,1.00002,Fog.Node.0,1202.00004,20,17
223,LINK,32,67,2,1.00002,Fog.Node.2,1202.00004,20,18
228,LINK,41,45,7,1.002,Fog.Node.7,1202.00202,2000,17
230,LINK,113,1,9,1.002,Fog.Node.9,1202.00202,2000,18
225,LINK,173,81,4,1.002,Fog.Node.4,1202.004,2000,11
240,LINK,118,2,19,1.002,Fog.Node.19,1202.004,2000,12
226,LINK,60,89,5,1.002,Fog.Node.5,1202.004,2000,13
235,LINK,33,64,14,1.002,Fog.Node.14,1202.004,2000,14
231,LINK,41,45,10,1.002,Fog.Node.10,1203.0040199999999,2000,9
236,LINK,113,32,15,1.002,Fog.Node.15,1203.0040199999999,2000,10
228,LINK,45,102,7,1.002,Fog.Node.7,1203.0040199999999,2000,11
230,LINK,1,176,9,1.002,Fog.Node.9,1203.0040199999999,2000,12
234,LINK,173,59,13,1.002,Fog.Node.13,1203.0059999999999,2000,8
240,LINK,2,148,19,1.002,Fog.Node.19,1203.0059999999999,2000,9
233,LINK,41,40,12,1.002,Fog.Node.12,1204.0060199999998,2000,4
237,LINK,113,1,16,1.002,Fog.Node.16,1204.0060199999998,2000,5
236,LINK,32,71,15,1.002,Fog.Node.15,1204.0060199999998,2000,6
238,LINK,173,81,17,1.002,Fog.Node.17,1204.0079999999998,2000,4
233,LINK,40,55,12,1.002,Fog.Node.12,1205.0080199999998,2000,2
237,LINK,1,76,16,1.002,Fog.Node.16,1205.0080199999998,2000,3
239,LINK,173,87,18,1.002,Fog.Node.18,1205.0099999999998,2000,2
241,LINK,0,41,0,1.00002,Fog.Node.0,1300,20,0
242,LINK,0,170,1,1.00002,Fog.Node.1,1300,20,1
243,LINK,0,113,2,1.00002,Fog.Node.2,1300,20,2
244,LINK,0,173,3,1.002,Fog.Node.3,1300,2000,3
245,LINK,0,173,4,1.002,Fog.Node.4,1300,2000,4
246,LINK,0,142,5,1.002,Fog.Node.5,1300,2000,5
247,LINK,0,133,6,1.002,Fog.Node.6,1300,2000,6
248,LINK,0,41,7,1.002,Fog.Node.7,1300,2000,7
249,LINK,0,187,8,1.002,Fog.Node.8,1300,2000,8
250,LINK,0,113,9,1.002,Fog.Node.9,1300,2000,9
251,LINK,0,41,10,1.002,Fog.Node.10,1300,2000,10
252,LINK,0,36,11,1.002,Fog.Node.11,1300,2000,11
253,LINK,0,41,12,1.002,Fog.Node.12,1300,2000,12
254,LINK,0,173,13,1.002,Fog.Node.13,1300,2000,13
255,LINK,0,118,14,1.002,Fog.Node.14,1300,2000,14
256,LINK,0,113,15,1.002,Fog.Node.15,1300,2000,15
257,LINK,0,113,16,1.002,Fog.Node.16,1300,2000,16
258,LINK,0,173,17,1.002,Fog.Node.17,1300,2000,17
259,LINK,0,173,18,1.002,Fog.Node.18,1300,2000,18
260,LINK,0,118,19,1.002,Fog.Node.19,1300,2000,19
241,LINK,41,40,0,1.00002,Fog.Node.0,1301.00002,20,17
242,LINK,170,61,1,1.00002,Fog.Node.1,1301.00002,20,18
243,LINK,113,32,2,1.00002,Fog.Node.2,1301.00002,20,19
244,LINK,173,73,3,1.002,Fog.Node.3,1301.002,2000,14
246,LINK,142,60,5,1.002,Fog.Node.5,1301.002,2000,15
247,LINK,133,96,6,1.002,Fog.Node.6,1301.002,2000,16
249,LINK,187,109,8,1.002,Fog.Node.8,1301.002,2000,17
252,LINK,36,49,11,1.002,Fog.Node.11,1301.002,2000,18
255,LINK,118,33,14,1.002,Fog.Node.14,1301.002,2000,19
241,LINK,40,55,0,1.00002,Fog.Node.0,1302.00004,20,17
243,LINK,32,67,2,1.00002,Fog.Node.2,1302.00004,20,18
248,LINK,41,45,7,1.002,Fog.Node.7,1302.00202,2000,17
250,LINK,113,1,9,1.002,Fog.Node.9,1302.00202,2000,18
245,LINK,173,81,4,1.002,Fog.Node.4,1302.004,2000,11
260,LINK,118,2,19,1.002,Fog.Node.19,1302.004,2000,12
246,LINK,60,89,5,1.002,Fog.Node.5,1302.004,2000,13
255,LINK,33,64,14,1.002,Fog.Node.14,1302.004,2000,14
251,LINK,41,45,10,1.002,Fog.Node.10,1303.0040199999999,2000,9
256,LINK,113,32,15,1.002,Fog.Node.15,1303.0040199999999,2000,10
248,LINK,45,102,7,1.002,Fog.Node.7,1303.0040199999999,2000,11
250,LINK,1,176,9,1.002,Fog.Node.9,1303.0040199999999,2000,12
254,LINK,173,59,13,1.002,Fog.Node.13,1303.0059999999999,2000,8
260,LINK,2,148,19,1.002,Fog.Node.19,1303.0059999999999,2000,9
253,LINK,41,40,12,1.002,Fog.Node.12,1304.0060199999998,2000,4
257,LINK,113,1,16,1.002,Fog.Node.16,1304.0060199999998,2000,5
256,LINK,32,71,15,1.002,Fog.Node.15,1304.0060199999998,2000,6
258,LINK,173,81,17,1.002,Fog.Node.17,1304.0079999999998,2000,4
253,LINK,40,55,12,1.002,Fog.Node.12,1305.0080199999998,2000,2
257,LINK,1,76,16,1.002,Fog.Node.16,1305.0080199999998,2000,3
259,LINK,173,87,18,1.002,Fog.Node.18,1305.0099999999998,2000,2
261,LINK,0,41,0,1.00002,Fog.Node.0,1400,20,0
262,LINK,0,170,1,1.00002,Fog.Node.1,1400,20,1
263,LINK,0,113,2,1.00002,Fog.Node.2,1400,20,2
264,LINK,0,173,3,1.002,Fog.Node.3,1400,2000,3
265,LINK,0,173,4,1.002,Fog.Node.4,1400,2000,4
266,LINK,0,142,5,1.002,Fog.Node.5,1400,2000,5
267,LINK,0,133,6,1.002,Fog.Node.6,1400,2000,6
268,LINK,0,41,7,1.002,Fog.Node.7,1400,2000,7
269,LINK,0,187,8,1.002,Fog.Node.8,1400,2000,8
270,LINK,0,113,9,1.002,Fog.Node.9,1400,2000,9
271,LINK,0,41,10,1.002,Fog.Node.10,1400,2000,10
272,LINK,0,36,11,1.002,Fog.Node.11,1400,2000,11
273,LINK,0,41,12,1.002,Fog.Node.12,1400,2000,12
274,LINK,0,173,13,1.002,Fog.Node.13,1400,2000,13
275,LINK,0,118,14,1.002,Fog.Node.14,1400,2000,14
276,LINK,0,113,15,1.002,Fog.Node.15,1400,2000,15
277,LINK,0,113,16,1.002,Fog.Node.16,1400,2000,16
278,LINK,0,173,17,1.002,Fog.Node.17,1400,2000,17
279,LINK,0,173,18,1.002,Fog.Node.18,1400,2000,18
280,LINK,0,118,19,1.002,Fog.Node.19,1400,2000,19
261,LINK,41,40,0,1.00002,Fog.Node.0,1401.00002,20,17
262,LINK,170,61,1,1.00002,Fog.Node.1,1401.00002,20,18
263,LINK,113,32,2,1.00002,Fog.Node.2,1401.00002,20,19
264,LINK,173,73,3,1.002,Fog.Node.3,1401.002,2000,14
266,LINK,142,60,5,1.002,Fog.Node.5,1401.002,2000,15
267,LINK,133,96,6,1.002,Fog.Node.6,1401.002,2000,16
269,LINK,187,109,8,1.002,Fog.Node.8,1401.002,2000,17
272,LINK,36,49,11,1.002,Fog.Node.11,1401.002,2000,18
275,LINK,118,33,14,1.002,Fog.Node.14,1401.002,2000,19
261,LINK,40,55,0,1.00002,Fog.Node.0,1402.00004,20,17
263,LINK,32,67,2,1.00002,Fog.Node.2,1402.00004,20,18
268,LINK,41,45,7,1.002,Fog.Node.7,1402.00202,2000,17
270,LINK,113,1,9,1.002,Fog.Node.9,1402.00202,2000,18
265,LINK,173,81,4,1.002,Fog.Node.4,1402.004,2000,11
280,LINK,118,2,19,1.002,Fog.Node.19,1402.004,2000,12
266,LINK,60,89,5,1.002,Fog.Node.5,1402.004,2000,13
275,LINK,33,64,14,1.002,Fog.Node.14,1402.004,2000,14
271,LINK,41,45,10,1.002,Fog.Node.10,1403.0040199999999,2000,9
276,LINK,113,32,15,1.002,Fog.Node.15,1403.0040199999999,2000,10
268,LINK,45,102,7,1.002,Fog.Node.7,1403.0040199999999,2000,11
270,LINK,1,176,9,1.002,Fog.Node.9,1403.0040199999999,2000,12
274,LINK,173,59,13,1.002,Fog.Node.13,1403.0059999999999,2000,8
280,LINK,2,148,19,1.002,Fog.Node.19,1403.0059999999999,2000,9
273,LINK,41,40,12,1.002,Fog.Node.12,1404.0060199999998,2000,4
277,LINK,113,1,16,1.002,Fog.Node.16,1404.0060199999998,2000,5
276,LINK,32,71,15,1.002,Fog.Node.15,1404.0060199999998,2000,6
278,LINK,173,81,17,1.002,Fog.Node.17,1404.0079999999998,2000,4
273,LINK,40,55,12,1.002,Fog.Node.12,1405.0080199999998,2000,2
277,LINK,1,76,16,1.002,Fog.Node.16,1405.0080199999998,2000,3
279,LINK,173,87,18,1.002,Fog.Node.18,1405.0099999999998,2000,2
281,LINK,0,41,0,1.00002,Fog.Node.0,1500,20,0
282,LINK,0,170,1,1.00002,Fog.Node.1,1500,20,1
283,LINK,0,113,2,1.00002,Fog.Node.2,1500,20,2
284,LINK,0,173,3,1.002,Fog.Node.3,1500,2000,3
285,LINK,0,173,4,1.002,Fog.Node.4,1500,2000,4
286,LINK,0,142,5,1.002,Fog.Node.5,1500,2000,5
287,LINK,0,133,6,1.002,Fog.Node.6,1500,2000,6
288,LINK,0,41,7,1.002,Fog.Node.7,1500,2000,7
289,LINK,0,187,8,1.002,Fog.Node.8,1500,2000,8
290,LINK,0,113,9,1.002,Fog.Node.9,1500,2000,9
291,LINK,0,41,10,1.002,Fog.Node.10,1500,2000,10
292,LINK,0,36,11,1.002,Fog.Node.11,1500,2000,11
293,LINK,0,41,12,1.002,Fog.Node.12,1500,2000,12
294,LINK,0,173,13,1.002,Fog.Node.13,1500,2000,13
295,LINK,0,118,14,1.002,Fog.Node.14,1500,2000,14
296,LINK,0,113,15,1.002,Fog.Node.15,1500,2000,15
297,LINK,0,113,16,1.002,Fog.Node.16,1500,2000,16
298,LINK,0,173,17,1.002,Fog.Node.17,1500,2000,17
299,LINK,0,173,18,1.002,Fog.Node.18,1500,2000,18
300,LINK,0,118,19,1.002,Fog.Node.19,1500,2000,19
281,LINK,41,40,0,1.00002,Fog.Node.0,1501.00002,20,17
282,LINK,170,61,1,1.00002,Fog.Node.1,1501.00002,20,18
283,LINK,113,32,2,1.00002,Fog.Node.2,1501.00002,20,19
284,LINK,173,73,3,1.002,Fog.Node.3,1501.002,2000,14
286,LINK,142,60,5,1.002,Fog.Node.5,1501.002,2000,15
287,LINK,133,96,6,1.002,Fog.Node.6,1501.002,2000,16
289,LINK,187,109,8,1.002,Fog.Node.8,1501.002,2000,17
292,LINK,36,49,11,1.002,Fog.Node.11,1501.002,2000,18
295,LINK,118,33,14,1.002,Fog.Node.14,1501.002,2000,19
281,LINK,40,55,0,1.00002,Fog.Node.0,1502.00004,20,17
283,LINK,32,67,2,1.00002,Fog.Node.2,1502.00004,20,18
288,LINK,41,45,7,1.002,Fog.Node.7,1502.00202,2000,17
290,LINK,113,1,9,1.002,Fog.Node.9,1502.00202,2000,18
285,LINK,173,81,4,1.002,Fog.Node.4,1502.004,2000,11
300,LINK,118,2,19,1.002,Fog.Node.19,1502.004,2000,12
286,LINK,60,89,5,1.002,Fog.Node.5,1502.004,2000,13
295,LINK,33,64,14,1.002,Fog.Node.14,1502.004,2000,14
291,LINK,41,45,10,1.002,Fog.Node.10,1503.0040199999999,2000,9
296,LINK,113,32,15,1.002,Fog.Node.15,1503.0040199999999,2000,10
288,LINK,45,102,7,1.002,Fog.Node.7,1503.0040199999999,2000,11
290,LINK,1,176,9,1.002,Fog.Node.9,1503.0040199999999,2000,12
294,LINK,173,59,13,1.002,Fog.Node.13,1503.0059999999999,2000,8
300,LINK,2,148,19,1.002,Fog.Node.19,1503.0059999999999,2000,9
293,LINK,41,40,12,1.002,Fog.Node.12,1504.0060199999998,2000,4
297,LINK,113,1,16,1.002,Fog.Node.16,1504.0060199999998,2000,5
296,LINK,32,71,15,1.002,Fog.Node.15,1504.0060199999998,2000,6
298,LINK,173,81,17,1.002,Fog.Node.17,1504.0079999999998,2000,4
293,LINK,40,55,12,1.002,Fog.Node.12,1505.0080199999998,2000,2
297,LINK,1,76,16,1.002,Fog.Node.16,1505.0080199999998,2000,3
299,LINK,173,87,18,1.002,Fog.Node.18,1505.0099999999998,2000,2
301,LINK,0,41,0,1.00002,Fog.Node.0,1600,20,0
302,LINK,0,170,1,1.00002,Fog.Node.1,1600,20,1
303,LINK,0,113,2,1.00002,Fog.Node.2,1600,20,2
304,LINK,0,173,3,1.002,Fog.Node.3,1600,2000,3
305,LINK,0,173,4,1.002,Fog.Node.4,1600,2000,4
306,LINK,0,142,5,1.002,Fog.Node.5,1600,2000,5
307,LINK,0,133,6,1.002,Fog.Node.6,1600,2000,6
308,LINK,0,41,7,1.002,Fog.Node.7,1600,2000,7
309,LINK,0,187,8,1.002,Fog.Node.8,1600,2000,8
310,LINK,0,113,9,1.002,Fog.Node.9,1600,2000,9
311,LINK,0,41,10,1.002,Fog.Node.10,1600,2000,10
312,LINK,0,36,11,1.002,Fog.Node.11,1600,2000,11
313,LINK,0,41,12,1.002,Fog.Node.12,1600,2000,12
314,LINK,0,173,13,1.002,Fog.Node.13,1600,2000,13
315,LINK,0,118,14,1.002,Fog.Node.14,1600,2000,14
316,LINK,0,113,15,1.002,Fog.Node.15,1600,2000,15
317,LINK,0,113,16,1.002,Fog.Node.16,1600,2000,16
318,LINK,0,173,17,1.002,Fog.Node.17,1600,2000,17
319,LINK,0,173,18,1.002,Fog.Node.18,1600,2000,18
320,LINK,0,118,19,1.002,Fog.Node.19,1600,2000,19
301,LINK,41,40,0,1.00002,Fog.Node.0,1601.00002,20,17
302,LINK,170,61,1,1.00002,Fog.Node.1,1601.00002,20,18
303,LINK,113,32,2,1.00002,Fog.Node.2,1601.00002,20,19
304,LINK,173,73,3,1.002,Fog.Node.3,1601.002,2000,14
306,LINK,142,60,5,1.002,Fog.Node.5,1601.002,2000,15
307,LINK,133,96,6,1.002,Fog.Node.6,1601.002,2000,16
309,LINK,187,109,8,1.002,Fog.Node.8,1601.002,2000,17
312,LINK,36,49,11,1.002,Fog.Node.11,1601.002,2000,18
315,LINK,118,33,14,1.002,Fog.Node.14,1601.002,2000,19
301,LINK,40,55,0,1.00002,Fog.Node.0,1602.00004,20,17
303,LINK,32,67,2,1.00002,Fog.Node.2,1602.00004,20,18
308,LINK,41,45,7,1.002,Fog.Node.7,1602.00202,2000,17
310,LINK,113,1,9,1.002,Fog.Node.9,1602.00202,2000,18
305,LINK,173,81,4,1.002,Fog.Node.4,1602.004,2000,11
320,LINK,118,2,19,1.002,Fog.Node.19,1602.004,2000,12
306,LINK,60,89,5,1.002,Fog.Node.5,1602.004,2000,13
315,LINK,33,64,14,1.002,Fog.Node.14,1602.004,2000,14
311,LINK,41,45,10,1.002,Fog.Node.10,1603.0040199999999,2000,9
316,LINK,113,32,15,1.002,Fog.Node.15,1603.0040199999999,2000,10
308,LINK,45,102,7,1.002,Fog.Node.7,1603.0040199999999,2000,11
310,LINK,1,176,9,1.002,Fog.Node.9,1603.0040199999999,2000,12
314,LINK,173,59,13,1.002,Fog.Node.13,1603.0059999999999,2000,8
320,LINK,2,148,19,1.002,Fog.Node.19,1603.0059999999999,2000,9
313,LINK,41,40,12,1.002,Fog.Node.12,1604.0060199999998,2000,4
317,LINK,113,1,16,1.002,Fog.Node.16,1604.0060199999998,2000,5
316,LINK,32,71,15,1.002,Fog.Node.15,1604.0060199999998,2000,6
318,LINK,173,81,17,1.002,Fog.Node.17,1604.0079999999998,2000,4
313,LINK,40,55,12,1.002,Fog.Node.12,1605.0080199999998,2000,2
317,LINK,1,76,16,1.002,Fog.Node.16,1605.0080199999998,2000,3
319,LINK,173,87,18,1.002,Fog.Node.18,1605.0099999999998,2000,2
321,LINK,0,41,0,1.00002,Fog.Node.0,1700,20,0
322,LINK,0,170,1,1.00002,Fog.Node.1,1700,20,1
323,LINK,0,113,2,1.00002,Fog.Node.2,1700,20,2
324,LINK,0,173,3,1.002,Fog.Node.3,1700,2000,3
325,LINK,0,173,4,1.002,Fog.Node.4,1700,2000,4
326,LINK,0,142,5,1.002,Fog.Node.5,1700,2000,5
327,LINK,0,133,6,1.002,Fog.Node.6,1700,2000,6
328,LINK,0,41,7,1.002,Fog.Node.7,1700,2000,7
329,LINK,0,187,8,1.002,Fog.Node.8,1700,2000,8
330,LINK,0,113,9,1.002,Fog.Node.9,1700,2000,9
331,LINK,0,41,10,1.002,Fog.Node.10,1700,2000,10
332,LINK,0,36,11,1.002,Fog.Node.11,1700,2000,11
333,LINK,0,41,12,1.002,Fog.Node.12,1700,2000,12
334,LINK,0,173,13,1.002,Fog.Node.13,1700,2000,13
335,LINK,0,118,14,1.002,Fog.Node.14,1700,2000,14
336,LINK,0,113,15,1.002,Fog.Node.15,1700,2000,15
337,LINK,0,113,16,1.002,Fog.Node.16,1700,2000,16
338,LINK,0,173,17,1.002,Fog.Node.17,1700,2000,17
339,LINK,0,173,18,1.002,Fog.Node.18,1700,2000,18
340,LINK,0,118,19,1.002,Fog.Node.19,1700,2000,19
321,LINK,41,40,0,1.00002,Fog.Node.0,1701.00002,20,17
322,LINK,170,61,1,1.00002,Fog.Node.1,1701.00002,20,18
323,LINK,113,32,2,1.00002,Fog.Node.2,1701.00002,20,19
324,LINK,173,73,3,1.002,Fog.Node.3,1701.002,2000,14
326,LINK,142,60,5,1.002,Fog.Node.5,1701.002,2000,15
327,LINK,133,96,6,1.002,Fog.Node.6,1701.002,2000,16
329,LINK,187,109,8,1.002,Fog.Node.8,1701.002,2000,17
332,LINK,36,49,11,1.002,Fog.Node.11,1701.002,2000,18
335,LINK,118,33,14,1.002,Fog.Node.14,1701.002,2000,19
321,LINK,40,55,0,1.00002,Fog.Node.0,1702.00004,20,17
323,LINK,32,67,2,1.00002,Fog.Node.2,1702.00004,20,18
328,LINK,41,45,7,1.002,Fog.Node.7,1702.00202,2000,17
330,LINK,113,1,9,1.002,Fog.Node.9,1702.00202,2000,18
325,LINK,173,81,4,1.002,Fog.Node.4,1702.004,2000,11
340,LINK,118,2,19,1.002,Fog.Node.19,1702.004,2000,12
326,LINK,60,89,5,1.002,Fog.Node.5,1702.004,2000,13
335,LINK,33,64,14,1.002,Fog.Node.14,1702.004,2000,14
331,LINK,41,45,10,1.002,Fog.Node.10,1703.0040199999999,2000,9
336,LINK,113,32,15,1.002,Fog.Node.15,1703.0040199999999,2000,10
328,LINK,45,102,7,1.002,Fog.Node.7,1703.0040199999999,2000,11
330,LINK,1,176,9,1.002,Fog.Node.9,1703.0040199999999,2000,12
334,LINK,173,59,13,1.002,Fog.Node.13,1703.0059999999999,2000,8
340,LINK,2,148,19,1.002,Fog.Node.19,1703.0059999999999,2000,9
333,LINK,41,40,12,1.002,Fog.Node.12,1704.0060199999998,2000,4
337,LINK,113,1,16,1.002,Fog.Node.16,1704.0060199999998,2000,5
336,LINK,32,71,15,1.002,Fog.Node.15,1704.0060199999998,2000,6
338,LINK,173,81,17,1.002,Fog.Node.17,1704.0079999999998,2000,4
333,LINK,40,55,12,1.002,Fog.Node.12,1705.0080199999998,2000,2
337,LINK,1,76,16,1.002,Fog.Node.16,1705.0080199999998,2000,3
339,LINK,173,87,18,1.002,Fog.Node.18,1705.0099999999998,2000,2
341,LINK,0,41,0,1.00002,Fog.Node.0,1800,20,0
342,LINK,0,170,1,1.00002,Fog.Node.1,1800,20,1
343,LINK,0,113,2,1.00002,Fog.Node.2,1800,20,2
344,LINK,0,173,3,1.002,Fog.Node.3,1800,2000,3
345,LINK,0,173,4,1.002,Fog.Node.4,1800,2000,4
346,LINK,0,142,5,1.002,Fog.Node.5,1800,2000,5
347,LINK,0,133,6,1.002,Fog.Node.6,1800,2000,6
348,LINK,0,41,7,1.002,Fog.Node.7,1800,2000,7
349,LINK,0,187,8,1.002,Fog.Node.8,1800,2000,8
350,LINK,0,113,9,1.002,Fog.Node.9,1800,2000,9
351,LINK,0,41,10,1.002,Fog.Node.10,1800,2000,10
352,LINK,0,36,11,1.002,Fog.Node.11,1800,2000,11
353,LINK,0,41,12,1.002,Fog.Node.12,1800,2000,12
354,LINK,0,173,13,1.002,Fog.Node.13,1800,2000,13
355,LINK,0,118,14,1.002,Fog.Node.14,1800,2000,14
356,LINK,0,113,15,1.002,Fog.Node.15,1800,2000,15
357,LINK,0,113,16,1.002,Fog.Node.16,1800,2000,16
358,LINK,0,173,17,1.002,Fog.Node.17,1800,2000,17
359,LINK,0,173,18,1.002,Fog.Node.18,1800,2000,18
360,LINK,0,118,19,1.002,Fog.Node.19,1800,2000,19
341,LINK,41,40,0,1.00002,Fog.Node.0,1801.00002,20,17
342,LINK,170,61,1,1.00002,Fog.Node.1,1801.00002,20,18
343,LINK,113,32,2,1.00002,Fog.Node.2,1801.00002,20,19
344,LINK,173,73,3,1.002,Fog.Node.3,1801.002,2000,14
346,LINK,142,60,5,1.002,Fog.Node.5,1801.002,2000,15
347,LINK,133,96,6,1.002,Fog.Node.6,1801.002,2000,16
349,LINK,187,109,8,1.002,Fog.Node.8,1801.002,2000,17
352,LINK,36,49,11,1.002,Fog.Node.11,1801.002,2000,18
355,LINK,118,33,14,1.002,Fog.Node.14,1801.002,2000,19
341,LINK,40,55,0,1.00002,Fog.Node.0,1802.00004,20,17
343,LINK,32,67,2,1.00002,Fog.Node.2,1802.00004,20,18
348,LINK,41,45,7,1.002,Fog.Node.7,1802.00202,2000,17
350,LINK,113,1,9,1.002,Fog.Node.9,1802.00202,2000,18
345,LINK,173,81,4,1.002,Fog.Node.4,1802.004,2000,11
360,LINK,118,2,19,1.002,Fog.Node.19,1802.004,2000,12
346,LINK,60,89,5,1.002,Fog.Node.5,1802.004,2000,13
355,LINK,33,64,14,1.002,Fog.Node.14,1802.004,2000,14
351,LINK,41,45,10,1.002,Fog.Node.10,1803.0040199999999,2000,9
356,LINK,113,32,15,1.002,Fog.Node.15,1803.0040199999999,2000,10
348,LINK,45,102,7,1.002,Fog.Node.7,1803.0040199999999,2000,11
350,LINK,1,176,9,1.002,Fog.Node.9,1803.0040199999999,2000,12
354,LINK,173,59,13,1.002,Fog.Node.13,1803.0059999999999,2000,8
360,LINK,2,148,19,1.002,Fog.Node.19,1803.0059999999999,2000,9
353,LINK,41,40,12,1.002,Fog.Node.12,1804.0060199999998,2000,4
357,LINK,113,1,16,1.002,Fog.Node.16,1804.0060199999998,2000,5
356,LINK,32,71,15,1.002,Fog.Node.15,1804.0060199999998,2000,6
358,LINK,173,81,17,1.002,Fog.Node.17,1804.0079999999998,2000,4
353,LINK,40,55,12,1.002,Fog.Node.12,1805.0080199999998,2000,2
357,LINK,1,76,16,1.002,Fog.Node.16,1805.0080199999998,2000,3
359,LINK,173,87,18,1.002,Fog.Node.18,1805.0099999999998,2000,2
361,LINK,0,41,0,1.00002,Fog.Node.0,1900,20,0
362,LINK,0,170,1,1.00002,Fog.Node.1,1900,20,1
363,LINK,0,113,2,1.00002,Fog.Node.2,1900,20,2
364,LINK,0,173,3,1.002,Fog.Node.3,1900,2000,3
365,LINK,0,173,4,1.002,Fog.Node.4,1900,2000,4
366,LINK,0,142,5,1.002,Fog.Node.5,1900,2000,5
367,LINK,0,133,6,1.002,Fog.Node.6,1900,2000,6
368,LINK,0,41,7,1.002,Fog.Node.7,1900,2000,7
369,LINK,0,187,8,1.002,Fog.Node.8,1900,2000,8
370,LINK,0,113,9,1.002,Fog.Node.9,1900,2000,9
371,LINK,0,41,10,1.002,Fog.Node.10,1900,2000,10
372,LINK,0,36,11,1.002,Fog.Node.11,1900,2000,11
373,LINK,0,41,12,1.002,Fog.Node.12,1900,2000,12
374,LINK,0,173,13,1.002,Fog.Node.13,1900,2000,13
375,LINK,0,118,14,1.002,Fog.Node.14,1900,2000,14
376,LINK,0,113,15,1.002,Fog.Node.15,1900,2000,15
377,LINK,0,113,16,1.002,Fog.Node.16,1900,2000,16
378,LINK,0,173,17,1.002,Fog.Node.17,1900,2000,17
379,LINK,0,173,18,1.002,Fog.Node.18,1900,2000,18
380,LINK,0,118,19,1.002,Fog.Node.19,1900,2000,19
361,LINK,41,40,0,1.00002,Fog.Node.0,1901.00002,20,17
362,LINK,170,61,1,1.00002,Fog.Node.1,1901.00002,20,18
363,LINK,113,32,2,1.00002,Fog.Node.2,1901.00002,20,19
364,LINK,173,73,3,1.002,Fog.Node.3,1901.002,2000,14
366,LINK,142,60,5,1.002,Fog.Node.5,1901.002,2000,15
367,LINK,133,96,6,1.002,Fog.Node.6,1901.002,2000,16
369,LINK,187,109,8,1.002,Fog.Node.8,1901.002,2000,17
372,LINK,36,49,11,1.002,Fog.Node.11,1901.002,2000,18
375,LINK,118,33,14,1.002,Fog.Node.14,1901.002,2000,19
361,LINK,40,55,0,1.00002,Fog.Node.0,1902.00004,20,17
363,LINK,32,67,2,1.00002,Fog.Node.2,1902.00004,20,18
368,LINK,41,45,7,1.002,Fog.Node.7,1902.00202,2000,17
370,LINK,113,1,9,1.002,Fog.Node.9,1902.00202,2000,18
365,LINK,173,81,4,1.002,Fog.Node.4,1902.004,2000,11
380,LINK,118,2,19,1.002,Fog.Node.19,1902.004,2000,12
366,LINK,60,89,5,1.002,Fog.Node.5,1902.004,2000,13
375,LINK,33,64,14,1.002,Fog.Node.14,1902.004,2000,14
371,LINK,41,45,10,1.002,Fog.Node.10,1903.0040199999999,2000,9
376,LINK,113,32,15,1.002,Fog.Node.15,1903.0040199999999,2000,10
368,LINK,45,102,7,1.002,Fog.Node.7,1903.0040199999999,2000,11
370,LINK,1,176,9,1.002,Fog.Node.9,1903.0040199999999,2000,12
374,LINK,173,59,13,1.002,Fog.Node.13,1903.0059999999999,2000,8
380,LINK,2,148,19,1.002,Fog.Node.19,1903.0059999999999,2000,9
373,LINK,41,40,12,1.002,Fog.Node.12,1904.0060199999998,2000,4
377,LINK,113,1,16,1.002,Fog.Node.16,1904.0060199999998,2000,5
376,LINK,32,71,15,1.002,Fog.Node.15,1904.0060199999998,2000,6
378,LINK,173,81,17,1.002,Fog.Node.17,1904.0079999999998,2000,4
373,LINK,40,55,12,1.002,Fog.Node.12,1905.0080199999998,2000,2
377,LINK,1,76,16,1.002,Fog.Node.16,1905.0080199999998,2000,3
379,LINK,173,87,18,1.002,Fog.Node.18,1905.0099999999998,2000,2
