id,type,app,module,message,DES.src,DES.dst,TOPO.src,TOPO.dst,module.src,service,time_in,time_out,time_emit,time_reception
1,COMP_M,0,0_01,Fog.Node.0,0,11,55,45,None,0.3,203.00006000000002,203.30006000000003,200.0,203.00006000000002
2,COMP_M,1,1_01,Fog.Node.1,1,12,61,49,None,0.3,203.00006000000002,203.30006000000003,200.0,203.00006000000002
5,COMP_M,4,4_01,Fog.Node.4,4,15,81,64,None,0.3,203.00006000000002,203.30006000000003,200.0,203.00006000000002
10,COMP_M,9,9_01,Fog.Node.9,9,20,176,148,None,0.3,203.00006000000002,203.30006000000003,200.0,203.00006000000002
3,COMP_M,2,2_01,Fog.Node.2,2,13,67,55,None,0.3,204.00008000000003,204.30008000000004,200.0,204.00008000000003
4,COMP_M,3,3_01,Fog.Node.3,3,14,73,59,None,0.3,204.00008000000003,204.30008000000004,200.0,204.00008000000003
6,COMP_M,5,5_01,Fog.Node.5,5,16,89,71,None,0.3,204.00008000000003,204.30008000000004,200.0,204.00008000000003
7,COMP_M,6,6_01,Fog.Node.6,6,17,96,76,None,0.3,204.00008000000003,204.30008000000004,200.0,204.00008000000003
8,COMP_M,7,7_01,Fog.Node.7,7,18,102,81,None,0.3,204.00008000000003,204.30008000000004,200.0,204.00008000000003
9,COMP_M,8,8_01,Fog.Node.8,8,19,109,87,None,0.3,204.00008000000003,204.30008000000004,200.0,204.00008000000003
11,COMP_M,0,0_01,Fog.Node.0,0,11,55,45,None,0.3,403.00006,403.30006000000003,400.0,403.00006
12,COMP_M,1,1_01,Fog.Node.1,1,12,61,49,None,0.3,403.00006,403.30006000000003,400.0,403.00006
15,COMP_M,4,4_01,Fog.Node.4,4,15,81,64,None,0.3,403.00006,403.30006000000003,400.0,403.00006
20,COMP_M,9,9_01,Fog.Node.9,9,20,176,148,None,0.3,403.00006,403.30006000000003,400.0,403.00006
13,COMP_M,2,2_01,Fog.Node.2,2,13,67,55,None,0.3,404.00008,404.30008000000004,400.0,404.00008
14,COMP_M,3,3_01,Fog.Node.3,3,14,73,59,None,0.3,404.00008,404.30008000000004,400.0,404.00008
16,COMP_M,5,5_01,Fog.Node.5,5,16,89,71,None,0.3,404.00008,404.30008000000004,400.0,404.00008
17,COMP_M,6,6_01,Fog.Node.6,6,17,96,76,None,0.3,404.00008,404.30008000000004,400.0,404.00008
18,COMP_M,7,7_01,Fog.Node.7,7,18,102,81,None,0.3,404.00008,404.30008000000004,400.0,404.00008
19,COMP_M,8,8_01,Fog.Node.8,8,19,109,87,None,0.3,404.00008,404.30008000000004,400.0,404.00008
21,COMP_M,4,4_01,Fog.Node.4,22,15,185,64,None,0.3,534.0000799999998,534.3000799999998,530.0,534.0000799999998
22,COMP_M,2,2_01,Fog.Node.2,23,13,187,55,None,0.3,534.0000799999998,534.3000799999998,530.0,534.0000799999998
23,COMP_M,4,4_01,Fog.Node.4,22,15,185,64,None,0.3,564.0000799999998,564.3000799999998,560.0,564.0000799999998
24,COMP_M,2,2_01,Fog.Node.2,23,13,187,55,None,0.3,564.0000799999998,564.3000799999998,560.0,564.0000799999998
25,COMP_M,4,4_01,Fog.Node.4,22,15,185,64,None,0.3,594.0000799999998,594.3000799999998,590.0,594.0000799999998
26,COMP_M,2,2_01,Fog.Node.2,23,13,187,55,None,0.3,594.0000799999998,594.3000799999998,590.0,594.0000799999998
27,COMP_M,0,0_01,Fog.Node.0,0,11,55,45,None,0.3,603.0000599999998,603.3000599999998,600.0,603.0000599999998
28,COMP_M,1,1_01,Fog.Node.1,1,12,61,49,None,0.3,603.0000599999998,603.3000599999998,600.0,603.0000599999998
31,COMP_M,4,4_01,Fog.Node.4,4,15,81,64,None,0.3,603.0000599999998,603.3000599999998,600.0,603.0000599999998
36,COMP_M,9,9_01,Fog.Node.9,9,20,176,148,None,0.3,603.0000599999998,603.3000599999998,600.0,603.0000599999998
29,COMP_M,2,2_01,Fog.Node.2,2,13,67,55,None,0.3,604.0000799999998,604.3000799999998,600.0,604.0000799999998
30,COMP_M,3,3_01,Fog.Node.3,3,14,73,59,None,0.3,604.0000799999998,604.3000799999998,600.0,604.0000799999998
32,COMP_M,5,5_01,Fog.Node.5,5,16,89,71,None,0.3,604.0000799999998,604.3000799999998,600.0,604.0000799999998
33,COMP_M,6,6_01,Fog.Node.6,6,17,96,76,None,0.3,604.0000799999998,604.3000799999998,600.0,604.0000799999998
34,COMP_M,7,7_01,Fog.Node.7,7,18,102,81,None,0.3,604.0000799999998,604.3000799999998,600.0,604.0000799999998
35,COMP_M,8,8_01,Fog.Node.8,8,19,109,87,None,0.3,604.0000799999998,604.3000799999998,600.0,604.0000799999998
37,COMP_M,4,4_01,Fog.Node.4,22,15,185,64,None,0.3,624.0000799999998,624.3000799999998,620.0,624.0000799999998
38,COMP_M,2,2_01,Fog.Node.2,23,13,187,55,None,0.3,624.0000799999998,624.3000799999998,620.0,624.0000799999998
39,COMP_M,4,4_01,Fog.Node.4,24,15,53,64,None,0.3,634.0000799999998,634.3000799999998,630.0,634.0000799999998
40,COMP_M,4,4_01,Fog.Node.4,22,15,185,64,None,0.3,654.0000799999998,654.3000799999998,650.0,654.0000799999998
41,COMP_M,2,2_01,Fog.Node.2,23,13,187,55,None,0.3,654.0000799999998,654.3000799999998,650.0,654.0000799999998
42,COMP_M,4,4_01,Fog.Node.4,24,15,53,64,None,0.3,664.0000799999998,664.3000799999998,660.0,664.0000799999998
43,COMP_M,4,4_01,Fog.Node.4,22,15,185,64,None,0.3,684.0000799999998,684.3000799999998,680.0,684.0000799999998
44,COMP_M,2,2_01,Fog.Node.2,23,13,187,55,None,0.3,684.0000799999998,684.3000799999998,680.0,684.0000799999998
45,COMP_M,4,4_01,Fog.Node.4,24,15,53,64,None,0.3,694.0000799999998,694.3000799999998,690.0,694.0000799999998
46,COMP_M,4,4_01,Fog.Node.4,22,15,185,64,None,0.3,714.0000799999998,714.3000799999998,710.0,714.0000799999998
47,COMP_M,2,2_01,Fog.Node.2,23,13,187,55,None,0.3,714.0000799999998,714.3000799999998,710.0,714.0000799999998
48,COMP_M,4,4_01,Fog.Node.4,24,15,53,64,None,0.3,724.0000799999998,724.3000799999998,720.0,724.0000799999998
49,COMP_M,0,0_01,Fog.Node.0,25,11,105,45,None,0.3,734.0000799999998,734.3000799999998,730.0,734.0000799999998
50,COMP_M,4,4_01,Fog.Node.4,22,15,185,64,None,0.3,744.0000799999998,744.3000799999998,740.0,744.0000799999998
51,COMP_M,2,2_01,Fog.Node.2,23,13,187,55,None,0.3,744.0000799999998,744.3000799999998,740.0,744.0000799999998
52,COMP_M,4,4_01,Fog.Node.4,24,15,53,64,None,0.3,754.0000799999998,754.3000799999998,750.0,754.0000799999998
53,COMP_M,0,0_01,Fog.Node.0,25,11,105,45,None,0.3,764.0000799999998,764.3000799999998,760.0,764.0000799999998
54,COMP_M,4,4_01,Fog.Node.4,22,15,185,64,None,0.3,774.0000799999998,774.3000799999998,770.0,774.0000799999998
55,COMP_M,2,2_01,Fog.Node.2,23,13,187,55,None,0.3,774.0000799999998,774.3000799999998,770.0,774.0000799999998
56,COMP_M,4,4_01,Fog.Node.4,24,15,53,64,None,0.3,784.0000799999998,784.3000799999998,780.0,784.0000799999998
57,COMP_M,0,0_01,Fog.Node.0,25,11,105,45,None,0.3,794.0000799999998,794.3000799999998,790.0,794.0000799999998
58,COMP_M,0,0_01,Fog.Node.0,0,11,55,45,None,0.3,803.0000599999998,803.3000599999998,800.0,803.0000599999998
59,COMP_M,1,1_01,Fog.Node.1,1,12,61,49,None,0.3,803.0000599999998,803.3000599999998,800.0,803.0000599999998
62,COMP_M,4,4_01,Fog.Node.4,4,15,81,64,None,0.3,803.0000599999998,803.3000599999998,800.0,803.0000599999998
67,COMP_M,9,9_01,Fog.Node.9,9,20,176,148,None,0.3,803.0000599999998,803.3000599999998,800.0,803.0000599999998
60,COMP_M,2,2_01,Fog.Node.2,2,13,67,55,None,0.3,804.0000799999998,804.3000799999998,800.0,804.0000799999998
61,COMP_M,3,3_01,Fog.Node.3,3,14,73,59,None,0.3,804.0000799999998,804.3000799999998,800.0,804.0000799999998
63,COMP_M,5,5_01,Fog.Node.5,5,16,89,71,None,0.3,804.0000799999998,804.3000799999998,800.0,804.0000799999998
64,COMP_M,6,6_01,Fog.Node.6,6,17,96,76,None,0.3,804.0000799999998,804.3000799999998,800.0,804.0000799999998
65,COMP_M,7,7_01,Fog.Node.7,7,18,102,81,None,0.3,804.0000799999998,804.3000799999998,800.0,804.0000799999998
66,COMP_M,8,8_01,Fog.Node.8,8,19,109,87,None,0.3,804.0000799999998,804.3000799999998,800.0,804.0000799999998
68,COMP_M,4,4_01,Fog.Node.4,22,15,185,64,None,0.3,804.0000799999998,804.3000799999998,800.0,804.0000799999998
69,COMP_M,2,2_01,Fog.Node.2,23,13,187,55,None,0.3,804.3000799999998,804.6000799999997,800.0,804.0000799999998
70,COMP_M,4,4_01,Fog.Node.4,24,15,53,64,None,0.3,814.0000799999998,814.3000799999998,810.0,814.0000799999998
71,COMP_M,0,0_01,Fog.Node.0,25,11,105,45,None,0.3,824.0000799999998,824.3000799999998,820.0,824.0000799999998
72,COMP_M,4,4_01,Fog.Node.4,22,15,185,64,None,0.3,834.0000799999998,834.3000799999998,830.0,834.0000799999998
73,COMP_M,2,2_01,Fog.Node.2,23,13,187,55,None,0.3,834.0000799999998,834.3000799999998,830.0,834.0000799999998
74,COMP_M,4,4_01,Fog.Node.4,24,15,53,64,None,0.3,844.0000799999998,844.3000799999998,840.0,844.0000799999998
75,COMP_M,0,0_01,Fog.Node.0,25,11,105,45,None,0.3,854.0000799999998,854.3000799999998,850.0,854.0000799999998
76,COMP_M,4,4_01,Fog.Node.4,22,15,185,64,None,0.3,864.0000799999998,864.3000799999998,860.0,864.0000799999998
77,COMP_M,2,2_01,Fog.Node.2,23,13,187,55,None,0.3,864.0000799999998,864.3000799999998,860.0,864.0000799999998
78,COMP_M,4,4_01,Fog.Node.4,24,15,53,64,None,0.3,874.0000799999998,874.3000799999998,870.0,874.0000799999998
79,COMP_M,0,0_01,Fog.Node.0,25,11,105,45,None,0.3,884.0000799999998,884.3000799999998,880.0,884.0000799999998
80,COMP_M,4,4_01,Fog.Node.4,22,15,185,64,None,0.3,894.0000799999998,894.3000799999998,890.0,894.0000799999998
81,COMP_M,2,2_01,Fog.Node.2,23,13,187,55,None,0.3,894.0000799999998,894.3000799999998,890.0,894.0000799999998
82,COMP_M,4,4_01,Fog.Node.4,24,15,53,64,None,0.3,904.0000799999998,904.3000799999998,900.0,904.0000799999998
83,COMP_M,0,0_01,Fog.Node.0,25,11,105,45,None,0.3,914.0000799999998,914.3000799999998,910.0,914.0000799999998
84,COMP_M,4,4_01,Fog.Node.4,22,15,185,64,None,0.3,924.0000799999998,924.3000799999998,920.0,924.0000799999998
85,COMP_M,2,2_01,Fog.Node.2,23,13,187,55,None,0.3,924.0000799999998,924.3000799999998,920.0,924.0000799999998
86,COMP_M,7,7_01,Fog.Node.7,26,18,31,81,None,0.3,933.0000599999998,933.3000599999998,930.0,933.0000599999998
87,COMP_M,4,4_01,Fog.Node.4,24,15,53,64,None,0.3,934.0000799999998,934.3000799999998,930.0,934.0000799999998
88,COMP_M,0,0_01,Fog.Node.0,25,11,105,45,None,0.3,944.0000799999998,944.3000799999998,940.0,944.0000799999998
89,COMP_M,4,4_01,Fog.Node.4,22,15,185,64,None,0.3,954.0000799999998,954.3000799999998,950.0,954.0000799999998
90,COMP_M,2,2_01,Fog.Node.2,23,13,187,55,None,0.3,954.0000799999998,954.3000799999998,950.0,954.0000799999998
91,COMP_M,7,7_01,Fog.Node.7,26,18,31,81,None,0.3,963.0000599999998,963.3000599999998,960.0,963.0000599999998
92,COMP_M,4,4_01,Fog.Node.4,24,15,53,64,None,0.3,964.0000799999998,964.3000799999998,960.0,964.0000799999998
93,COMP_M,0,0_01,Fog.Node.0,25,11,105,45,None,0.3,974.0000799999998,974.3000799999998,970.0,974.0000799999998
94,COMP_M,4,4_01,Fog.Node.4,22,15,185,64,None,0.3,984.0000799999998,984.3000799999998,980.0,984.0000799999998
95,COMP_M,2,2_01,Fog.Node.2,23,13,187,55,None,0.3,984.0000799999998,984.3000799999998,980.0,984.0000799999998
96,COMP_M,7,7_01,Fog.Node.7,26,18,31,81,None,0.3,993.0000599999998,993.3000599999998,990.0,993.0000599999998
97,COMP_M,4,4_01,Fog.Node.4,24,15,53,64,None,0.3,994.0000799999998,994.3000799999998,990.0,994.0000799999998
98,COMP_M,0,0_01,Fog.Node.0,0,11,55,45,None,0.3,1003.0000599999998,1003.3000599999998,1000.0,1003.0000599999998
99,COMP_M,1,1_01,Fog.Node.1,1,12,61,49,None,0.3,1003.0000599999998,1003.3000599999998,1000.0,1003.0000599999998
102,COMP_M,4,4_01,Fog.Node.4,4,15,81,64,None,0.3,1003.0000599999998,1003.3000599999998,1000.0,1003.0000599999998
107,COMP_M,9,9_01,Fog.Node.9,9,20,176,148,None,0.3,1003.0000599999998,1003.3000599999998,1000.0,1003.0000599999998
100,COMP_M,2,2_01,Fog.Node.2,2,13,67,55,None,0.3,1004.0000799999998,1004.3000799999998,1000.0,1004.0000799999998
101,COMP_M,3,3_01,Fog.Node.3,3,14,73,59,None,0.3,1004.0000799999998,1004.3000799999998,1000.0,1004.0000799999998
103,COMP_M,5,5_01,Fog.Node.5,5,16,89,71,None,0.3,1004.0000799999998,1004.3000799999998,1000.0,1004.0000799999998
104,COMP_M,6,6_01,Fog.Node.6,6,17,96,76,None,0.3,1004.0000799999998,1004.3000799999998,1000.0,1004.0000799999998
105,COMP_M,7,7_01,Fog.Node.7,7,18,102,81,None,0.3,1004.0000799999998,1004.3000799999998,1000.0,1004.0000799999998
106,COMP_M,8,8_01,Fog.Node.8,8,19,109,87,None,0.3,1004.0000799999998,1004.3000799999998,1000.0,1004.0000799999998
108,COMP_M,0,0_01,Fog.Node.0,25,11,105,45,None,0.3,1004.0000799999998,1004.3000799999998,1000.0,1004.0000799999998
109,COMP_M,4,4_01,Fog.Node.4,22,15,185,64,None,0.3,1014.0000799999998,1014.3000799999998,1010.0,1014.0000799999998
110,COMP_M,2,2_01,Fog.Node.2,23,13,187,55,None,0.3,1014.0000799999998,1014.3000799999998,1010.0,1014.0000799999998
111,COMP_M,7,7_01,Fog.Node.7,26,18,31,81,None,0.3,1023.0000599999998,1023.3000599999998,1020.0,1023.0000599999998
112,COMP_M,4,4_01,Fog.Node.4,24,15,53,64,None,0.3,1024.0000799999998,1024.3000799999998,1020.0,1024.0000799999998
113,COMP_M,3,3_01,Fog.Node.3,27,14,92,59,None,0.3,1033.0000599999998,1033.3000599999998,1030.0,1033.0000599999998
114,COMP_M,0,0_01,Fog.Node.0,25,11,105,45,None,0.3,1034.0000799999998,1034.3000799999998,1030.0,1034.0000799999998
115,COMP_M,4,4_01,Fog.Node.4,22,15,185,64,None,0.3,1044.0000799999998,1044.3000799999998,1040.0,1044.0000799999998
116,COMP_M,2,2_01,Fog.Node.2,23,13,187,55,None,0.3,1044.0000799999998,1044.3000799999998,1040.0,1044.0000799999998
117,COMP_M,7,7_01,Fog.Node.7,26,18,31,81,None,0.3,1053.0000599999998,1053.3000599999998,1050.0,1053.0000599999998
118,COMP_M,4,4_01,Fog.Node.4,24,15,53,64,None,0.3,1054.0000799999998,1054.3000799999998,1050.0,1054.0000799999998
119,COMP_M,3,3_01,Fog.Node.3,27,14,92,59,None,0.3,1063.0000599999998,1063.3000599999998,1060.0,1063.0000599999998
120,COMP_M,0,0_01,Fog.Node.0,25,11,105,45,None,0.3,1064.0000799999998,1064.3000799999998,1060.0,1064.0000799999998
121,COMP_M,4,4_01,Fog.Node.4,22,15,185,64,None,0.3,1074.0000799999998,1074.3000799999998,1070.0,1074.0000799999998
122,COMP_M,2,2_01,Fog.Node.2,23,13,187,55,None,0.3,1074.0000799999998,1074.3000799999998,1070.0,1074.0000799999998
123,COMP_M,7,7_01,Fog.Node.7,26,18,31,81,None,0.3,1083.0000599999998,1083.3000599999998,1080.0,1083.0000599999998
124,COMP_M,4,4_01,Fog.Node.4,24,15,53,64,None,0.3,1084.0000799999998,1084.3000799999998,1080.0,1084.0000799999998
125,COMP_M,3,3_01,Fog.Node.3,27,14,92,59,None,0.3,1093.0000599999998,1093.3000599999998,1090.0,1093.0000599999998
126,COMP_M,0,0_01,Fog.Node.0,25,11,105,45,None,0.3,1094.0000799999998,1094.3000799999998,1090.0,1094.0000799999998
127,COMP_M,4,4_01,Fog.Node.4,22,15,185,64,None,0.3,1104.0000799999998,1104.3000799999998,1100.0,1104.0000799999998
128,COMP_M,2,2_01,Fog.Node.2,23,13,187,55,None,0.3,1104.0000799999998,1104.3000799999998,1100.0,1104.0000799999998
129,COMP_M,7,7_01,Fog.Node.7,26,18,31,81,None,0.3,1113.0000599999998,1113.3000599999998,1110.0,1113.0000599999998
130,COMP_M,4,4_01,Fog.Node.4,24,15,53,64,None,0.3,1114.0000799999998,1114.3000799999998,1110.0,1114.0000799999998
131,COMP_M,3,3_01,Fog.Node.3,27,14,92,59,None,0.3,1123.0000599999998,1123.3000599999998,1120.0,1123.0000599999998
132,COMP_M,0,0_01,Fog.Node.0,25,11,105,45,None,0.3,1124.0000799999998,1124.3000799999998,1120.0,1124.0000799999998
133,COMP_M,4,4_01,Fog.Node.4,22,15,185,64,None,0.3,1134.0000799999998,1134.3000799999998,1130.0,1134.0000799999998
134,COMP_M,2,2_01,Fog.Node.2,23,13,187,55,None,0.3,1134.0000799999998,1134.3000799999998,1130.0,1134.0000799999998
135,COMP_M,7,7_01,Fog.Node.7,26,18,31,81,None,0.3,1143.0000599999998,1143.3000599999998,1140.0,1143.0000599999998
136,COMP_M,4,4_01,Fog.Node.4,24,15,53,64,None,0.3,1144.0000799999998,1144.3000799999998,1140.0,1144.0000799999998
137,COMP_M,3,3_01,Fog.Node.3,27,14,92,59,None,0.3,1153.0000599999998,1153.3000599999998,1150.0,1153.0000599999998
138,COMP_M,0,0_01,Fog.Node.0,25,11,105,45,None,0.3,1154.0000799999998,1154.3000799999998,1150.0,1154.0000799999998
139,COMP_M,4,4_01,Fog.Node.4,22,15,185,64,None,0.3,1164.0000799999998,1164.3000799999998,1160.0,1164.0000799999998
140,COMP_M,2,2_01,Fog.Node.2,23,13,187,55,None,0.3,1164.0000799999998,1164.3000799999998,1160.0,1164.0000799999998
141,COMP_M,7,7_01,Fog.Node.7,26,18,31,81,None,0.3,1173.0000599999998,1173.3000599999998,1170.0,1173.0000599999998
142,COMP_M,4,4_01,Fog.Node.4,24,15,53,64,None,0.3,1174.0000799999998,1174.3000799999998,1170.0,1174.0000799999998
143,COMP_M,3,3_01,Fog.Node.3,27,14,92,59,None,0.3,1183.0000599999998,1183.3000599999998,1180.0,1183.0000599999998
144,COMP_M,0,0_01,Fog.Node.0,25,11,105,45,None,0.3,1184.0000799999998,1184.3000799999998,1180.0,1184.0000799999998
145,COMP_M,4,4_01,Fog.Node.4,22,15,185,64,None,0.3,1194.0000799999998,1194.3000799999998,1190.0,1194.0000799999998
146,COMP_M,2,2_01,Fog.Node.2,23,13,187,55,None,0.3,1194.0000799999998,1194.3000799999998,1190.0,1194.0000799999998
147,COMP_M,0,0_01,Fog.Node.0,0,11,55,45,None,0.3,1203.0000599999998,1203.3000599999998,1200.0,1203.0000599999998
148,COMP_M,1,1_01,Fog.Node.1,1,12,61,49,None,0.3,1203.0000599999998,1203.3000599999998,1200.0,1203.0000599999998
151,COMP_M,4,4_01,Fog.Node.4,4,15,81,64,None,0.3,1203.0000599999998,1203.3000599999998,1200.0,1203.0000599999998
156,COMP_M,9,9_01,Fog.Node.9,9,20,176,148,None,0.3,1203.0000599999998,1203.3000599999998,1200.0,1203.0000599999998
157,COMP_M,7,7_01,Fog.Node.7,26,18,31,81,None,0.3,1203.0000599999998,1203.3000599999998,1200.0,1203.0000599999998
149,COMP_M,2,2_01,Fog.Node.2,2,13,67,55,None,0.3,1204.0000799999998,1204.3000799999998,1200.0,1204.0000799999998
150,COMP_M,3,3_01,Fog.Node.3,3,14,73,59,None,0.3,1204.0000799999998,1204.3000799999998,1200.0,1204.0000799999998
152,COMP_M,5,5_01,Fog.Node.5,5,16,89,71,None,0.3,1204.0000799999998,1204.3000799999998,1200.0,1204.0000799999998
153,COMP_M,6,6_01,Fog.Node.6,6,17,96,76,None,0.3,1204.0000799999998,1204.3000799999998,1200.0,1204.0000799999998
154,COMP_M,7,7_01,Fog.Node.7,7,18,102,81,None,0.3,1204.0000799999998,1204.3000799999998,1200.0,1204.0000799999998
155,COMP_M,8,8_01,Fog.Node.8,8,19,109,87,None,0.3,1204.0000799999998,1204.3000799999998,1200.0,1204.0000799999998
158,COMP_M,4,4_01,Fog.Node.4,24,15,53,64,None,0.3,1204.0000799999998,1204.3000799999998,1200.0,1204.0000799999998
159,COMP_M,3,3_01,Fog.Node.3,27,14,92,59,None,0.3,1213.0000599999998,1213.3000599999998,1210.0,1213.0000599999998
160,COMP_M,0,0_01,Fog.Node.0,25,11,105,45,None,0.3,1214.0000799999998,1214.3000799999998,1210.0,1214.0000799999998
161,COMP_M,4,4_01,Fog.Node.4,22,15,185,64,None,0.3,1224.0000799999998,1224.3000799999998,1220.0,1224.0000799999998
162,COMP_M,2,2_01,Fog.Node.2,23,13,187,55,None,0.3,1224.0000799999998,1224.3000799999998,1220.0,1224.0000799999998
163,COMP_M,9,9_01,Fog.Node.9,28,20,43,148,None,0.3,1233.0000599999998,1233.3000599999998,1230.0,1233.0000599999998
164,COMP_M,7,7_01,Fog.Node.7,26,18,31,81,None,0.3,1233.0000599999998,1233.3000599999998,1230.0,1233.0000599999998
165,COMP_M,4,4_01,Fog.Node.4,24,15,53,64,None,0.3,1234.0000799999998,1234.3000799999998,1230.0,1234.0000799999998
166,COMP_M,3,3_01,Fog.Node.3,27,14,92,59,None,0.3,1243.0000599999998,1243.3000599999998,1240.0,1243.0000599999998
167,COMP_M,0,0_01,Fog.Node.0,25,11,105,45,None,0.3,1244.0000799999998,1244.3000799999998,1240.0,1244.0000799999998
168,COMP_M,4,4_01,Fog.Node.4,22,15,185,64,None,0.3,1254.0000799999998,1254.3000799999998,1250.0,1254.0000799999998
169,COMP_M,2,2_01,Fog.Node.2,23,13,187,55,None,0.3,1254.0000799999998,1254.3000799999998,1250.0,1254.0000799999998
170,COMP_M,9,9_01,Fog.Node.9,28,20,43,148,None,0.3,1263.0000599999998,1263.3000599999998,1260.0,1263.0000599999998
171,COMP_M,7,7_01,Fog.Node.7,26,18,31,81,None,0.3,1263.0000599999998,1263.3000599999998,1260.0,1263.0000599999998
172,COMP_M,4,4_01,Fog.Node.4,24,15,53,64,None,0.3,1264.0000799999998,1264.3000799999998,1260.0,1264.0000799999998
173,COMP_M,3,3_01,Fog.Node.3,27,14,92,59,None,0.3,1273.0000599999998,1273.3000599999998,1270.0,1273.0000599999998
174,COMP_M,0,0_01,Fog.Node.0,25,11,105,45,None,0.3,1274.0000799999998,1274.3000799999998,1270.0,1274.0000799999998
175,COMP_M,4,4_01,Fog.Node.4,22,15,185,64,None,0.3,1284.0000799999998,1284.3000799999998,1280.0,1284.0000799999998
176,COMP_M,2,2_01,Fog.Node.2,23,13,187,55,None,0.3,1284.0000799999998,1284.3000799999998,1280.0,1284.0000799999998
177,COMP_M,9,9_01,Fog.Node.9,28,20,43,148,None,0.3,1293.0000599999998,1293.3000599999998,1290.0,1293.0000599999998
178,COMP_M,7,7_01,Fog.Node.7,26,18,31,81,None,0.3,1293.0000599999998,1293.3000599999998,1290.0,1293.0000599999998
179,COMP_M,4,4_01,Fog.Node.4,24,15,53,64,None,0.3,1294.0000799999998,1294.3000799999998,1290.0,1294.0000799999998
180,COMP_M,3,3_01,Fog.Node.3,27,14,92,59,None,0.3,1303.0000599999998,1303.3000599999998,1300.0,1303.0000599999998
181,COMP_M,0,0_01,Fog.Node.0,25,11,105,45,None,0.3,1304.0000799999998,1304.3000799999998,1300.0,1304.0000799999998
182,COMP_M,4,4_01,Fog.Node.4,22,15,185,64,None,0.3,1314.0000799999998,1314.3000799999998,1310.0,1314.0000799999998
183,COMP_M,2,2_01,Fog.Node.2,23,13,187,55,None,0.3,1314.0000799999998,1314.3000799999998,1310.0,1314.0000799999998
184,COMP_M,9,9_01,Fog.Node.9,28,20,43,148,None,0.3,1323.0000599999998,1323.3000599999998,1320.0,1323.0000599999998
185,COMP_M,7,7_01,Fog.Node.7,26,18,31,81,None,0.3,1323.0000599999998,1323.3000599999998,1320.0,1323.0000599999998
186,COMP_M,4,4_01,Fog.Node.4,24,15,53,64,None,0.3,1324.0000799999998,1324.3000799999998,1320.0,1324.0000799999998
188,COMP_M,3,3_01,Fog.Node.3,27,14,92,59,None,0.3,1333.0000599999998,1333.3000599999998,1330.0,1333.0000599999998
187,COMP_M,7,7_01,Fog.Node.7,29,18,102,81,None,0.3,1334.0000799999998,1334.3000799999998,1330.0,1334.0000799999998
189,COMP_M,0,0_01,Fog.Node.0,25,11,105,45,None,0.3,1334.0000799999998,1334.3000799999998,1330.0,1334.0000799999998
190,COMP_M,4,4_01,Fog.Node.4,22,15,185,64,None,0.3,1344.0000799999998,1344.3000799999998,1340.0,1344.0000799999998
191,COMP_M,2,2_01,Fog.Node.2,23,13,187,55,None,0.3,1344.0000799999998,1344.3000799999998,1340.0,1344.0000799999998
192,COMP_M,9,9_01,Fog.Node.9,28,20,43,148,None,0.3,1353.0000599999998,1353.3000599999998,1350.0,1353.0000599999998
193,COMP_M,7,7_01,Fog.Node.7,26,18,31,81,None,0.3,1353.0000599999998,1353.3000599999998,1350.0,1353.0000599999998
194,COMP_M,4,4_01,Fog.Node.4,24,15,53,64,None,0.3,1354.0000799999998,1354.3000799999998,1350.0,1354.0000799999998
196,COMP_M,3,3_01,Fog.Node.3,27,14,92,59,None,0.3,1363.0000599999998,1363.3000599999998,1360.0,1363.0000599999998
195,COMP_M,7,7_01,Fog.Node.7,29,18,102,81,None,0.3,1364.0000799999998,1364.3000799999998,1360.0,1364.0000799999998
197,COMP_M,0,0_01,Fog.Node.0,25,11,105,45,None,0.3,1364.0000799999998,1364.3000799999998,1360.0,1364.0000799999998
198,COMP_M,4,4_01,Fog.Node.4,22,15,185,64,None,0.3,1374.0000799999998,1374.3000799999998,1370.0,1374.0000799999998
199,COMP_M,2,2_01,Fog.Node.2,23,13,187,55,None,0.3,1374.0000799999998,1374.3000799999998,1370.0,1374.0000799999998
200,COMP_M,9,9_01,Fog.Node.9,28,20,43,148,None,0.3,1383.0000599999998,1383.3000599999998,1380.0,1383.0000599999998
201,COMP_M,7,7_01,Fog.Node.7,26,18,31,81,None,0.3,1383.0000599999998,1383.3000599999998,1380.0,1383.0000599999998
202,COMP_M,4,4_01,Fog.Node.4,24,15,53,64,None,0.3,1384.0000799999998,1384.3000799999998,1380.0,1384.0000799999998
204,COMP_M,3,3_01,Fog.Node.3,27,14,92,59,None,0.3,1393.0000599999998,1393.3000599999998,1390.0,1393.0000599999998
203,COMP_M,7,7_01,Fog.Node.7,29,18,102,81,None,0.3,1394.0000799999998,1394.3000799999998,1390.0,1394.0000799999998
205,COMP_M,0,0_01,Fog.Node.0,25,11,105,45,None,0.3,1394.0000799999998,1394.3000799999998,1390.0,1394.0000799999998
206,COMP_M,0,0_01,Fog.Node.0,0,11,55,45,None,0.3,1403.0000599999998,1403.3000599999998,1400.0,1403.0000599999998
207,COMP_M,1,1_01,Fog.Node.1,1,12,61,49,None,0.3,1403.0000599999998,1403.3000599999998,1400.0,1403.0000599999998
210,COMP_M,4,4_01,Fog.Node.4,4,15,81,64,None,0.3,1403.0000599999998,1403.3000599999998,1400.0,1403.0000599999998
215,COMP_M,9,9_01,Fog.Node.9,9,20,176,148,None,0.3,1403.0000599999998,1403.3000599999998,1400.0,1403.0000599999998
208,COMP_M,2,2_01,Fog.Node.2,2,13,67,55,None,0.3,1404.0000799999998,1404.3000799999998,1400.0,1404.0000799999998
209,COMP_M,3,3_01,Fog.Node.3,3,14,73,59,None,0.3,1404.0000799999998,1404.3000799999998,1400.0,1404.0000799999998
211,COMP_M,5,5_01,Fog.Node.5,5,16,89,71,None,0.3,1404.0000799999998,1404.3000799999998,1400.0,1404.0000799999998
212,COMP_M,6,6_01,Fog.Node.6,6,17,96,76,None,0.3,1404.0000799999998,1404.3000799999998,1400.0,1404.0000799999998
213,COMP_M,7,7_01,Fog.Node.7,7,18,102,81,None,0.3,1404.0000799999998,1404.3000799999998,1400.0,1404.0000799999998
214,COMP_M,8,8_01,Fog.Node.8,8,19,109,87,None,0.3,1404.0000799999998,1404.3000799999998,1400.0,1404.0000799999998
216,COMP_M,4,4_01,Fog.Node.4,22,15,185,64,None,0.3,1404.0000799999998,1404.3000799999998,1400.0,1404.0000799999998
217,COMP_M,2,2_01,Fog.Node.2,23,13,187,55,None,0.3,1404.3000799999998,1404.6000799999997,1400.0,1404.0000799999998
218,COMP_M,9,9_01,Fog.Node.9,28,20,43,148,None,0.3,1413.0000599999998,1413.3000599999998,1410.0,1413.0000599999998
219,COMP_M,7,7_01,Fog.Node.7,26,18,31,81,None,0.3,1413.0000599999998,1413.3000599999998,1410.0,1413.0000599999998
220,COMP_M,4,4_01,Fog.Node.4,24,15,53,64,None,0.3,1414.0000799999998,1414.3000799999998,1410.0,1414.0000799999998
222,COMP_M,3,3_01,Fog.Node.3,27,14,92,59,None,0.3,1423.0000599999998,1423.3000599999998,1420.0,1423.0000599999998
221,COMP_M,7,7_01,Fog.Node.7,29,18,102,81,None,0.3,1424.0000799999998,1424.3000799999998,1420.0,1424.0000799999998
223,COMP_M,0,0_01,Fog.Node.0,25,11,105,45,None,0.3,1424.0000799999998,1424.3000799999998,1420.0,1424.0000799999998
224,COMP_M,4,4_01,Fog.Node.4,22,15,185,64,None,0.3,1434.0000799999998,1434.3000799999998,1430.0,1434.0000799999998
225,COMP_M,2,2_01,Fog.Node.2,23,13,187,55,None,0.3,1434.0000799999998,1434.3000799999998,1430.0,1434.0000799999998
226,COMP_M,9,9_01,Fog.Node.9,28,20,43,148,None,0.3,1443.0000599999998,1443.3000599999998,1440.0,1443.0000599999998
227,COMP_M,7,7_01,Fog.Node.7,26,18,31,81,None,0.3,1443.0000599999998,1443.3000599999998,1440.0,1443.0000599999998
228,COMP_M,4,4_01,Fog.Node.4,24,15,53,64,None,0.3,1444.0000799999998,1444.3000799999998,1440.0,1444.0000799999998
230,COMP_M,3,3_01,Fog.Node.3,27,14,92,59,None,0.3,1453.0000599999998,1453.3000599999998,1450.0,1453.0000599999998
229,COMP_M,7,7_01,Fog.Node.7,29,18,102,81,None,0.3,1454.0000799999998,1454.3000799999998,1450.0,1454.0000799999998
231,COMP_M,0,0_01,Fog.Node.0,25,11,105,45,None,0.3,1454.0000799999998,1454.3000799999998,1450.0,1454.0000799999998
232,COMP_M,4,4_01,Fog.Node.4,22,15,185,64,None,0.3,1464.0000799999998,1464.3000799999998,1460.0,1464.0000799999998
233,COMP_M,2,2_01,Fog.Node.2,23,13,187,55,None,0.3,1464.0000799999998,1464.3000799999998,1460.0,1464.0000799999998
234,COMP_M,9,9_01,Fog.Node.9,28,20,43,148,None,0.3,1473.0000599999998,1473.3000599999998,1470.0,1473.0000599999998
235,COMP_M,7,7_01,Fog.Node.7,26,18,31,81,None,0.3,1473.0000599999998,1473.3000599999998,1470.0,1473.0000599999998
236,COMP_M,4,4_01,Fog.Node.4,24,15,53,64,None,0.3,1474.0000799999998,1474.3000799999998,1470.0,1474.0000799999998
238,COMP_M,3,3_01,Fog.Node.3,27,14,92,59,None,0.3,1483.0000599999998,1483.3000599999998,1480.0,1483.0000599999998
237,COMP_M,7,7_01,Fog.Node.7,29,18,102,81,None,0.3,1484.0000799999998,1484.3000799999998,1480.0,1484.0000799999998
239,COMP_M,0,0_01,Fog.Node.0,25,11,105,45,None,0.3,1484.0000799999998,1484.3000799999998,1480.0,1484.0000799999998
240,COMP_M,4,4_01,Fog.Node.4,22,15,185,64,None,0.3,1494.0000799999998,1494.3000799999998,1490.0,1494.0000799999998
241,COMP_M,2,2_01,Fog.Node.2,23,13,187,55,None,0.3,1494.0000799999998,1494.3000799999998,1490.0,1494.0000799999998
242,COMP_M,9,9_01,Fog.Node.9,28,20,43,148,None,0.3,1503.0000599999998,1503.3000599999998,1500.0,1503.0000599999998
243,COMP_M,7,7_01,Fog.Node.7,26,18,31,81,None,0.3,1503.0000599999998,1503.3000599999998,1500.0,1503.0000599999998
244,COMP_M,4,4_01,Fog.Node.4,24,15,53,64,None,0.3,1504.0000799999998,1504.3000799999998,1500.0,1504.0000799999998
246,COMP_M,3,3_01,Fog.Node.3,27,14,92,59,None,0.3,1513.0000599999998,1513.3000599999998,1510.0,1513.0000599999998
245,COMP_M,7,7_01,Fog.Node.7,29,18,102,81,None,0.3,1514.0000799999998,1514.3000799999998,1510.0,1514.0000799999998
247,COMP_M,0,0_01,Fog.Node.0,25,11,105,45,None,0.3,1514.0000799999998,1514.3000799999998,1510.0,1514.0000799999998
248,COMP_M,4,4_01,Fog.Node.4,22,15,185,64,None,0.3,1524.0000799999998,1524.3000799999998,1520.0,1524.0000799999998
249,COMP_M,2,2_01,Fog.Node.2,23,13,187,55,None,0.3,1524.0000799999998,1524.3000799999998,1520.0,1524.0000799999998
251,COMP_M,9,9_01,Fog.Node.9,28,20,43,148,None,0.3,1533.0000599999998,1533.3000599999998,1530.0,1533.0000599999998
252,COMP_M,7,7_01,Fog.Node.7,26,18,31,81,None,0.3,1533.0000599999998,1533.3000599999998,1530.0,1533.0000599999998
250,COMP_M,5,5_01,Fog.Node.5,30,16,45,71,None,0.3,1534.0000799999998,1534.3000799999998,1530.0,1534.0000799999998
253,COMP_M,4,4_01,Fog.Node.4,24,15,53,64,None,0.3,1534.0000799999998,1534.3000799999998,1530.0,1534.0000799999998
255,COMP_M,3,3_01,Fog.Node.3,27,14,92,59,None,0.3,1543.0000599999998,1543.3000599999998,1540.0,1543.0000599999998
254,COMP_M,7,7_01,Fog.Node.7,29,18,102,81,None,0.3,1544.0000799999998,1544.3000799999998,1540.0,1544.0000799999998
256,COMP_M,0,0_01,Fog.Node.0,25,11,105,45,None,0.3,1544.0000799999998,1544.3000799999998,1540.0,1544.0000799999998
257,COMP_M,4,4_01,Fog.Node.4,22,15,185,64,None,0.3,1554.0000799999998,1554.3000799999998,1550.0,1554.0000799999998
258,COMP_M,2,2_01,Fog.Node.2,23,13,187,55,None,0.3,1554.0000799999998,1554.3000799999998,1550.0,1554.0000799999998
260,COMP_M,9,9_01,Fog.Node.9,28,20,43,148,None,0.3,1563.0000599999998,1563.3000599999998,1560.0,1563.0000599999998
261,COMP_M,7,7_01,Fog.Node.7,26,18,31,81,None,0.3,1563.0000599999998,1563.3000599999998,1560.0,1563.0000599999998
259,COMP_M,5,5_01,Fog.Node.5,30,16,45,71,None,0.3,1564.0000799999998,1564.3000799999998,1560.0,1564.0000799999998
262,COMP_M,4,4_01,Fog.Node.4,24,15,53,64,None,0.3,1564.0000799999998,1564.3000799999998,1560.0,1564.0000799999998
264,COMP_M,3,3_01,Fog.Node.3,27,14,92,59,None,0.3,1573.0000599999998,1573.3000599999998,1570.0,1573.0000599999998
263,COMP_M,7,7_01,Fog.Node.7,29,18,102,81,None,0.3,1574.0000799999998,1574.3000799999998,1570.0,1574.0000799999998
265,COMP_M,0,0_01,Fog.Node.0,25,11,105,45,None,0.3,1574.0000799999998,1574.3000799999998,1570.0,1574.0000799999998
266,COMP_M,4,4_01,Fog.Node.4,22,15,185,64,None,0.3,1584.0000799999998,1584.3000799999998,1580.0,1584.0000799999998
267,COMP_M,2,2_01,Fog.Node.2,23,13,187,55,None,0.3,1584.0000799999998,1584.3000799999998,1580.0,1584.0000799999998
269,COMP_M,9,9_01,Fog.Node.9,28,20,43,148,None,0.3,1593.0000599999998,1593.3000599999998,1590.0,1593.0000599999998
270,COMP_M,7,7_01,Fog.Node.7,26,18,31,81,None,0.3,1593.0000599999998,1593.3000599999998,1590.0,1593.0000599999998
268,COMP_M,5,5_01,Fog.Node.5,30,16,45,71,None,0.3,1594.0000799999998,1594.3000799999998,1590.0,1594.0000799999998
271,COMP_M,4,4_01,Fog.Node.4,24,15,53,64,None,0.3,1594.0000799999998,1594.3000799999998,1590.0,1594.0000799999998
272,COMP_M,0,0_01,Fog.Node.0,0,11,55,45,None,0.3,1603.0000599999998,1603.3000599999998,1600.0,1603.0000599999998
273,COMP_M,1,1_01,Fog.Node.1,1,12,61,49,None,0.3,1603.0000599999998,1603.3000599999998,1600.0,1603.0000599999998
276,COMP_M,4,4_01,Fog.Node.4,4,15,81,64,None,0.3,1603.0000599999998,1603.3000599999998,1600.0,1603.0000599999998
281,COMP_M,9,9_01,Fog.Node.9,9,20,176,148,None,0.3,1603.0000599999998,1603.3000599999998,1600.0,1603.0000599999998
283,COMP_M,3,3_01,Fog.Node.3,27,14,92,59,None,0.3,1603.0000599999998,1603.3000599999998,1600.0,1603.0000599999998
274,COMP_M,2,2_01,Fog.Node.2,2,13,67,55,None,0.3,1604.0000799999998,1604.3000799999998,1600.0,1604.0000799999998
275,COMP_M,3,3_01,Fog.Node.3,3,14,73,59,None,0.3,1604.0000799999998,1604.3000799999998,1600.0,1604.0000799999998
277,COMP_M,5,5_01,Fog.Node.5,5,16,89,71,None,0.3,1604.0000799999998,1604.3000799999998,1600.0,1604.0000799999998
278,COMP_M,6,6_01,Fog.Node.6,6,17,96,76,None,0.3,1604.0000799999998,1604.3000799999998,1600.0,1604.0000799999998
279,COMP_M,7,7_01,Fog.Node.7,7,18,102,81,None,0.3,1604.0000799999998,1604.3000799999998,1600.0,1604.0000799999998
280,COMP_M,8,8_01,Fog.Node.8,8,19,109,87,None,0.3,1604.0000799999998,1604.3000799999998,1600.0,1604.0000799999998
284,COMP_M,0,0_01,Fog.Node.0,25,11,105,45,None,0.3,1604.0000799999998,1604.3000799999998,1600.0,1604.0000799999998
282,COMP_M,7,7_01,Fog.Node.7,29,18,102,81,None,0.3,1605.0000999999997,1605.3000999999997,1600.0,1605.0000999999997
285,COMP_M,4,4_01,Fog.Node.4,22,15,185,64,None,0.3,1614.0000799999998,1614.3000799999998,1610.0,1614.0000799999998
286,COMP_M,2,2_01,Fog.Node.2,23,13,187,55,None,0.3,1614.0000799999998,1614.3000799999998,1610.0,1614.0000799999998
288,COMP_M,9,9_01,Fog.Node.9,28,20,43,148,None,0.3,1623.0000599999998,1623.3000599999998,1620.0,1623.0000599999998
289,COMP_M,7,7_01,Fog.Node.7,26,18,31,81,None,0.3,1623.0000599999998,1623.3000599999998,1620.0,1623.0000599999998
287,COMP_M,5,5_01,Fog.Node.5,30,16,45,71,None,0.3,1624.0000799999998,1624.3000799999998,1620.0,1624.0000799999998
290,COMP_M,4,4_01,Fog.Node.4,24,15,53,64,None,0.3,1624.0000799999998,1624.3000799999998,1620.0,1624.0000799999998
293,COMP_M,3,3_01,Fog.Node.3,27,14,92,59,None,0.3,1633.0000599999998,1633.3000599999998,1630.0,1633.0000599999998
291,COMP_M,9,9_01,Fog.Node.9,31,20,9,148,None,0.3,1634.0000799999998,1634.3000799999998,1630.0,1634.0000799999998
292,COMP_M,7,7_01,Fog.Node.7,29,18,102,81,None,0.3,1634.0000799999998,1634.3000799999998,1630.0,1634.0000799999998
294,COMP_M,0,0_01,Fog.Node.0,25,11,105,45,None,0.3,1634.0000799999998,1634.3000799999998,1630.0,1634.0000799999998
295,COMP_M,4,4_01,Fog.Node.4,22,15,185,64,None,0.3,1644.0000799999998,1644.3000799999998,1640.0,1644.0000799999998
296,COMP_M,2,2_01,Fog.Node.2,23,13,187,55,None,0.3,1644.0000799999998,1644.3000799999998,1640.0,1644.0000799999998
298,COMP_M,9,9_01,Fog.Node.9,28,20,43,148,None,0.3,1653.0000599999998,1653.3000599999998,1650.0,1653.0000599999998
299,COMP_M,7,7_01,Fog.Node.7,26,18,31,81,None,0.3,1653.0000599999998,1653.3000599999998,1650.0,1653.0000599999998
297,COMP_M,5,5_01,Fog.Node.5,30,16,45,71,None,0.3,1654.0000799999998,1654.3000799999998,1650.0,1654.0000799999998
300,COMP_M,4,4_01,Fog.Node.4,24,15,53,64,None,0.3,1654.0000799999998,1654.3000799999998,1650.0,1654.0000799999998
303,COMP_M,3,3_01,Fog.Node.3,27,14,92,59,None,0.3,1663.0000599999998,1663.3000599999998,1660.0,1663.0000599999998
301,COMP_M,9,9_01,Fog.Node.9,31,20,9,148,None,0.3,1664.0000799999998,1664.3000799999998,1660.0,1664.0000799999998
302,COMP_M,7,7_01,Fog.Node.7,29,18,102,81,None,0.3,1664.0000799999998,1664.3000799999998,1660.0,1664.0000799999998
304,COMP_M,0,0_01,Fog.Node.0,25,11,105,45,None,0.3,1664.0000799999998,1664.3000799999998,1660.0,1664.0000799999998
305,COMP_M,4,4_01,Fog.Node.4,22,15,185,64,None,0.3,1674.0000799999998,1674.3000799999998,1670.0,1674.0000799999998
306,COMP_M,2,2_01,Fog.Node.2,23,13,187,55,None,0.3,1674.0000799999998,1674.3000799999998,1670.0,1674.0000799999998
308,COMP_M,9,9_01,Fog.Node.9,28,20,43,148,None,0.3,1683.0000599999998,1683.3000599999998,1680.0,1683.0000599999998
309,COMP_M,7,7_01,Fog.Node.7,26,18,31,81,None,0.3,1683.0000599999998,1683.3000599999998,1680.0,1683.0000599999998
307,COMP_M,5,5_01,Fog.Node.5,30,16,45,71,None,0.3,1684.0000799999998,1684.3000799999998,1680.0,1684.0000799999998
310,COMP_M,4,4_01,Fog.Node.4,24,15,53,64,None,0.3,1684.0000799999998,1684.3000799999998,1680.0,1684.0000799999998
313,COMP_M,3,3_01,Fog.Node.3,27,14,92,59,None,0.3,1693.0000599999998,1693.3000599999998,1690.0,1693.0000599999998
311,COMP_M,9,9_01,Fog.Node.9,31,20,9,148,None,0.3,1694.0000799999998,1694.3000799999998,1690.0,1694.0000799999998
312,COMP_M,7,7_01,Fog.Node.7,29,18,102,81,None,0.3,1694.0000799999998,1694.3000799999998,1690.0,1694.0000799999998
314,COMP_M,0,0_01,Fog.Node.0,25,11,105,45,None,0.3,1694.0000799999998,1694.3000799999998,1690.0,1694.0000799999998
315,COMP_M,4,4_01,Fog.Node.4,22,15,185,64,None,0.3,1704.0000799999998,1704.3000799999998,1700.0,1704.0000799999998
316,COMP_M,2,2_01,Fog.Node.2,23,13,187,55,None,0.3,1704.0000799999998,1704.3000799999998,1700.0,1704.0000799999998
318,COMP_M,9,9_01,Fog.Node.9,28,20,43,148,None,0.3,1713.0000599999998,1713.3000599999998,1710.0,1713.0000599999998
319,COMP_M,7,7_01,Fog.Node.7,26,18,31,81,None,0.3,1713.0000599999998,1713.3000599999998,1710.0,1713.0000599999998
317,COMP_M,5,5_01,Fog.Node.5,30,16,45,71,None,0.3,1714.0000799999998,1714.3000799999998,1710.0,1714.0000799999998
320,COMP_M,4,4_01,Fog.Node.4,24,15,53,64,None,0.3,1714.0000799999998,1714.3000799999998,1710.0,1714.0000799999998
323,COMP_M,3,3_01,Fog.Node.3,27,14,92,59,None,0.3,1723.0000599999998,1723.3000599999998,1720.0,1723.0000599999998
321,COMP_M,9,9_01,Fog.Node.9,31,20,9,148,None,0.3,1724.0000799999998,1724.3000799999998,1720.0,1724.0000799999998
322,COMP_M,7,7_01,Fog.Node.7,29,18,102,81,None,0.3,1724.0000799999998,1724.3000799999998,1720.0,1724.0000799999998
324,COMP_M,0,0_01,Fog.Node.0,25,11,105,45,None,0.3,1724.0000799999998,1724.3000799999998,1720.0,1724.0000799999998
325,COMP_M,5,5_01,Fog.Node.5,32,16,59,71,None,0.3,1734.0000799999998,1734.3000799999998,1730.0,1734.0000799999998
326,COMP_M,4,4_01,Fog.Node.4,22,15,185,64,None,0.3,1734.0000799999998,1734.3000799999998,1730.0,1734.0000799999998
327,COMP_M,2,2_01,Fog.Node.2,23,13,187,55,None,0.3,1734.0000799999998,1734.3000799999998,1730.0,1734.0000799999998
329,COMP_M,9,9_01,Fog.Node.9,28,20,43,148,None,0.3,1743.0000599999998,1743.3000599999998,1740.0,1743.0000599999998
330,COMP_M,7,7_01,Fog.Node.7,26,18,31,81,None,0.3,1743.0000599999998,1743.3000599999998,1740.0,1743.0000599999998
328,COMP_M,5,5_01,Fog.Node.5,30,16,45,71,None,0.3,1744.0000799999998,1744.3000799999998,1740.0,1744.0000799999998
331,COMP_M,4,4_01,Fog.Node.4,24,15,53,64,None,0.3,1744.0000799999998,1744.3000799999998,1740.0,1744.0000799999998
334,COMP_M,3,3_01,Fog.Node.3,27,14,92,59,None,0.3,1753.0000599999998,1753.3000599999998,1750.0,1753.0000599999998
332,COMP_M,9,9_01,Fog.Node.9,31,20,9,148,None,0.3,1754.0000799999998,1754.3000799999998,1750.0,1754.0000799999998
333,COMP_M,7,7_01,Fog.Node.7,29,18,102,81,None,0.3,1754.0000799999998,1754.3000799999998,1750.0,1754.0000799999998
335,COMP_M,0,0_01,Fog.Node.0,25,11,105,45,None,0.3,1754.0000799999998,1754.3000799999998,1750.0,1754.0000799999998
336,COMP_M,5,5_01,Fog.Node.5,32,16,59,71,None,0.3,1764.0000799999998,1764.3000799999998,1760.0,1764.0000799999998
337,COMP_M,4,4_01,Fog.Node.4,22,15,185,64,None,0.3,1764.0000799999998,1764.3000799999998,1760.0,1764.0000799999998
338,COMP_M,2,2_01,Fog.Node.2,23,13,187,55,None,0.3,1764.0000799999998,1764.3000799999998,1760.0,1764.0000799999998
340,COMP_M,9,9_01,Fog.Node.9,28,20,43,148,None,0.3,1773.0000599999998,1773.3000599999998,1770.0,1773.0000599999998
341,COMP_M,7,7_01,Fog.Node.7,26,18,31,81,None,0.3,1773.0000599999998,1773.3000599999998,1770.0,1773.0000599999998
339,COMP_M,5,5_01,Fog.Node.5,30,16,45,71,None,0.3,1774.0000799999998,1774.3000799999998,1770.0,1774.0000799999998
342,COMP_M,4,4_01,Fog.Node.4,24,15,53,64,None,0.3,1774.0000799999998,1774.3000799999998,1770.0,1774.0000799999998
345,COMP_M,3,3_01,Fog.Node.3,27,14,92,59,None,0.3,1783.0000599999998,1783.3000599999998,1780.0,1783.0000599999998
343,COMP_M,9,9_01,Fog.Node.9,31,20,9,148,None,0.3,1784.0000799999998,1784.3000799999998,1780.0,1784.0000799999998
344,COMP_M,7,7_01,Fog.Node.7,29,18,102,81,None,0.3,1784.0000799999998,1784.3000799999998,1780.0,1784.0000799999998
346,COMP_M,0,0_01,Fog.Node.0,25,11,105,45,None,0.3,1784.0000799999998,1784.3000799999998,1780.0,1784.0000799999998
347,COMP_M,5,5_01,Fog.Node.5,32,16,59,71,None,0.3,1794.0000799999998,1794.3000799999998,1790.0,1794.0000799999998
348,COMP_M,4,4_01,Fog.Node.4,22,15,185,64,None,0.3,1794.0000799999998,1794.3000799999998,1790.0,1794.0000799999998
349,COMP_M,2,2_01,Fog.Node.2,23,13,187,55,None,0.3,1794.0000799999998,1794.3000799999998,1790.0,1794.0000799999998
350,COMP_M,0,0_01,Fog.Node.0,0,11,55,45,None,0.3,1803.0000599999998,1803.3000599999998,1800.0,1803.0000599999998
351,COMP_M,1,1_01,Fog.Node.1,1,12,61,49,None,0.3,1803.0000599999998,1803.3000599999998,1800.0,1803.0000599999998
354,COMP_M,4,4_01,Fog.Node.4,4,15,81,64,None,0.3,1803.0000599999998,1803.3000599999998,1800.0,1803.0000599999998
359,COMP_M,9,9_01,Fog.Node.9,9,20,176,148,None,0.3,1803.0000599999998,1803.3000599999998,1800.0,1803.0000599999998
362,COMP_M,7,7_01,Fog.Node.7,26,18,31,81,None,0.3,1803.0000599999998,1803.3000599999998,1800.0,1803.0000599999998
361,COMP_M,9,9_01,Fog.Node.9,28,20,43,148,None,0.3,1804.0000799999998,1804.3000799999998,1800.0,1804.0000799999998
352,COMP_M,2,2_01,Fog.Node.2,2,13,67,55,None,0.3,1804.0000799999998,1804.3000799999998,1800.0,1804.0000799999998
353,COMP_M,3,3_01,Fog.Node.3,3,14,73,59,None,0.3,1804.0000799999998,1804.3000799999998,1800.0,1804.0000799999998
355,COMP_M,5,5_01,Fog.Node.5,5,16,89,71,None,0.3,1804.0000799999998,1804.3000799999998,1800.0,1804.0000799999998
356,COMP_M,6,6_01,Fog.Node.6,6,17,96,76,None,0.3,1804.0000799999998,1804.3000799999998,1800.0,1804.0000799999998
357,COMP_M,7,7_01,Fog.Node.7,7,18,102,81,None,0.3,1804.0000799999998,1804.3000799999998,1800.0,1804.0000799999998
358,COMP_M,8,8_01,Fog.Node.8,8,19,109,87,None,0.3,1804.0000799999998,1804.3000799999998,1800.0,1804.0000799999998
363,COMP_M,4,4_01,Fog.Node.4,24,15,53,64,None,0.3,1804.0000799999998,1804.3000799999998,1800.0,1804.0000799999998
360,COMP_M,5,5_01,Fog.Node.5,30,16,45,71,None,0.3,1805.0000999999997,1805.3000999999997,1800.0,1805.0000999999997
366,COMP_M,3,3_01,Fog.Node.3,27,14,92,59,None,0.3,1813.0000599999998,1813.3000599999998,1810.0,1813.0000599999998
364,COMP_M,9,9_01,Fog.Node.9,31,20,9,148,None,0.3,1814.0000799999998,1814.3000799999998,1810.0,1814.0000799999998
365,COMP_M,7,7_01,Fog.Node.7,29,18,102,81,None,0.3,1814.0000799999998,1814.3000799999998,1810.0,1814.0000799999998
367,COMP_M,0,0_01,Fog.Node.0,25,11,105,45,None,0.3,1814.0000799999998,1814.3000799999998,1810.0,1814.0000799999998
368,COMP_M,5,5_01,Fog.Node.5,32,16,59,71,None,0.3,1824.0000799999998,1824.3000799999998,1820.0,1824.0000799999998
369,COMP_M,4,4_01,Fog.Node.4,22,15,185,64,None,0.3,1824.0000799999998,1824.3000799999998,1820.0,1824.0000799999998
370,COMP_M,2,2_01,Fog.Node.2,23,13,187,55,None,0.3,1824.0000799999998,1824.3000799999998,1820.0,1824.0000799999998
373,COMP_M,9,9_01,Fog.Node.9,28,20,43,148,None,0.3,1833.0000599999998,1833.3000599999998,1830.0,1833.0000599999998
374,COMP_M,7,7_01,Fog.Node.7,26,18,31,81,None,0.3,1833.0000599999998,1833.3000599999998,1830.0,1833.0000599999998
371,COMP_M,1,1_01,Fog.Node.1,33,12,93,49,None,0.3,1834.0000799999998,1834.3000799999998,1830.0,1834.0000799999998
372,COMP_M,5,5_01,Fog.Node.5,30,16,45,71,None,0.3,1834.0000799999998,1834.3000799999998,1830.0,1834.0000799999998
375,COMP_M,4,4_01,Fog.Node.4,24,15,53,64,None,0.3,1834.0000799999998,1834.3000799999998,1830.0,1834.0000799999998
378,COMP_M,3,3_01,Fog.Node.3,27,14,92,59,None,0.3,1843.0000599999998,1843.3000599999998,1840.0,1843.0000599999998
376,COMP_M,9,9_01,Fog.Node.9,31,20,9,148,None,0.3,1844.0000799999998,1844.3000799999998,1840.0,1844.0000799999998
377,COMP_M,7,7_01,Fog.Node.7,29,18,102,81,None,0.3,1844.0000799999998,1844.3000799999998,1840.0,1844.0000799999998
379,COMP_M,0,0_01,Fog.Node.0,25,11,105,45,None,0.3,1844.0000799999998,1844.3000799999998,1840.0,1844.0000799999998
380,COMP_M,5,5_01,Fog.Node.5,32,16,59,71,None,0.3,1854.0000799999998,1854.3000799999998,1850.0,1854.0000799999998
381,COMP_M,4,4_01,Fog.Node.4,22,15,185,64,None,0.3,1854.0000799999998,1854.3000799999998,1850.0,1854.0000799999998
382,COMP_M,2,2_01,Fog.Node.2,23,13,187,55,None,0.3,1854.0000799999998,1854.3000799999998,1850.0,1854.0000799999998
385,COMP_M,9,9_01,Fog.Node.9,28,20,43,148,None,0.3,1863.0000599999998,1863.3000599999998,1860.0,1863.0000599999998
386,COMP_M,7,7_01,Fog.Node.7,26,18,31,81,None,0.3,1863.0000599999998,1863.3000599999998,1860.0,1863.0000599999998
383,COMP_M,1,1_01,Fog.Node.1,33,12,93,49,None,0.3,1864.0000799999998,1864.3000799999998,1860.0,1864.0000799999998
384,COMP_M,5,5_01,Fog.Node.5,30,16,45,71,None,0.3,1864.0000799999998,1864.3000799999998,1860.0,1864.0000799999998
387,COMP_M,4,4_01,Fog.Node.4,24,15,53,64,None,0.3,1864.0000799999998,1864.3000799999998,1860.0,1864.0000799999998
390,COMP_M,3,3_01,Fog.Node.3,27,14,92,59,None,0.3,1873.0000599999998,1873.3000599999998,1870.0,1873.0000599999998
388,COMP_M,9,9_01,Fog.Node.9,31,20,9,148,None,0.3,1874.0000799999998,1874.3000799999998,1870.0,1874.0000799999998
389,COMP_M,7,7_01,Fog.Node.7,29,18,102,81,None,0.3,1874.0000799999998,1874.3000799999998,1870.0,1874.0000799999998
391,COMP_M,0,0_01,Fog.Node.0,25,11,105,45,None,0.3,1874.0000799999998,1874.3000799999998,1870.0,1874.0000799999998
392,COMP_M,5,5_01,Fog.Node.5,32,16,59,71,None,0.3,1884.0000799999998,1884.3000799999998,1880.0,1884.0000799999998
393,COMP_M,4,4_01,Fog.Node.4,22,15,185,64,None,0.3,1884.0000799999998,1884.3000799999998,1880.0,1884.0000799999998
394,COMP_M,2,2_01,Fog.Node.2,23,13,187,55,None,0.3,1884.0000799999998,1884.3000799999998,1880.0,1884.0000799999998
397,COMP_M,9,9_01,Fog.Node.9,28,20,43,148,None,0.3,1893.0000599999998,1893.3000599999998,1890.0,1893.0000599999998
398,COMP_M,7,7_01,Fog.Node.7,26,18,31,81,None,0.3,1893.0000599999998,1893.3000599999998,1890.0,1893.0000599999998
395,COMP_M,1,1_01,Fog.Node.1,33,12,93,49,None,0.3,1894.0000799999998,1894.3000799999998,1890.0,1894.0000799999998
396,COMP_M,5,5_01,Fog.Node.5,30,16,45,71,None,0.3,1894.0000799999998,1894.3000799999998,1890.0,1894.0000799999998
399,COMP_M,4,4_01,Fog.Node.4,24,15,53,64,None,0.3,1894.0000799999998,1894.3000799999998,1890.0,1894.0000799999998
402,COMP_M,3,3_01,Fog.Node.3,27,14,92,59,None,0.3,1903.0000599999998,1903.3000599999998,1900.0,1903.0000599999998
400,COMP_M,9,9_01,Fog.Node.9,31,20,9,148,None,0.3,1904.0000799999998,1904.3000799999998,1900.0,1904.0000799999998
401,COMP_M,7,7_01,Fog.Node.7,29,18,102,81,None,0.3,1904.0000799999998,1904.3000799999998,1900.0,1904.0000799999998
403,COMP_M,0,0_01,Fog.Node.0,25,11,105,45,None,0.3,1904.0000799999998,1904.3000799999998,1900.0,1904.0000799999998
404,COMP_M,5,5_01,Fog.Node.5,32,16,59,71,None,0.3,1914.0000799999998,1914.3000799999998,1910.0,1914.0000799999998
405,COMP_M,4,4_01,Fog.Node.4,22,15,185,64,None,0.3,1914.0000799999998,1914.3000799999998,1910.0,1914.0000799999998
406,COMP_M,2,2_01,Fog.Node.2,23,13,187,55,None,0.3,1914.0000799999998,1914.3000799999998,1910.0,1914.0000799999998
409,COMP_M,9,9_01,Fog.Node.9,28,20,43,148,None,0.3,1923.0000599999998,1923.3000599999998,1920.0,1923.0000599999998
410,COMP_M,7,7_01,Fog.Node.7,26,18,31,81,None,0.3,1923.0000599999998,1923.3000599999998,1920.0,1923.0000599999998
407,COMP_M,1,1_01,Fog.Node.1,33,12,93,49,None,0.3,1924.0000799999998,1924.3000799999998,1920.0,1924.0000799999998
408,COMP_M,5,5_01,Fog.Node.5,30,16,45,71,None,0.3,1924.0000799999998,1924.3000799999998,1920.0,1924.0000799999998
411,COMP_M,4,4_01,Fog.Node.4,24,15,53,64,None,0.3,1924.0000799999998,1924.3000799999998,1920.0,1924.0000799999998
414,COMP_M,3,3_01,Fog.Node.3,27,14,92,59,None,0.3,1933.0000599999998,1933.3000599999998,1930.0,1933.0000599999998
412,COMP_M,9,9_01,Fog.Node.9,31,20,9,148,None,0.3,1934.0000799999998,1934.3000799999998,1930.0,1934.0000799999998
413,COMP_M,7,7_01,Fog.Node.7,29,18,102,81,None,0.3,1934.0000799999998,1934.3000799999998,1930.0,1934.0000799999998
415,COMP_M,0,0_01,Fog.Node.0,25,11,105,45,None,0.3,1934.0000799999998,1934.3000799999998,1930.0,1934.0000799999998
416,COMP_M,5,5_01,Fog.Node.5,32,16,59,71,None,0.3,1944.0000799999998,1944.3000799999998,1940.0,1944.0000799999998
417,COMP_M,4,4_01,Fog.Node.4,22,15,185,64,None,0.3,1944.0000799999998,1944.3000799999998,1940.0,1944.0000799999998
418,COMP_M,2,2_01,Fog.Node.2,23,13,187,55,None,0.3,1944.0000799999998,1944.3000799999998,1940.0,1944.0000799999998
421,COMP_M,9,9_01,Fog.Node.9,28,20,43,148,None,0.3,1953.0000599999998,1953.3000599999998,1950.0,1953.0000599999998
422,COMP_M,7,7_01,Fog.Node.7,26,18,31,81,None,0.3,1953.0000599999998,1953.3000599999998,1950.0,1953.0000599999998
419,COMP_M,1,1_01,Fog.Node.1,33,12,93,49,None,0.3,1954.0000799999998,1954.3000799999998,1950.0,1954.0000799999998
420,COMP_M,5,5_01,Fog.Node.5,30,16,45,71,None,0.3,1954.0000799999998,1954.3000799999998,1950.0,1954.0000799999998
423,COMP_M,4,4_01,Fog.Node.4,24,15,53,64,None,0.3,1954.0000799999998,1954.3000799999998,1950.0,1954.0000799999998
426,COMP_M,3,3_01,Fog.Node.3,27,14,92,59,None,0.3,1963.0000599999998,1963.3000599999998,1960.0,1963.0000599999998
424,COMP_M,9,9_01,Fog.Node.9,31,20,9,148,None,0.3,1964.0000799999998,1964.3000799999998,1960.0,1964.0000799999998
425,COMP_M,7,7_01,Fog.Node.7,29,18,102,81,None,0.3,1964.0000799999998,1964.3000799999998,1960.0,1964.0000799999998
427,COMP_M,0,0_01,Fog.Node.0,25,11,105,45,None,0.3,1964.0000799999998,1964.3000799999998,1960.0,1964.0000799999998
428,COMP_M,5,5_01,Fog.Node.5,32,16,59,71,None,0.3,1974.0000799999998,1974.3000799999998,1970.0,1974.0000799999998
429,COMP_M,4,4_01,Fog.Node.4,22,15,185,64,None,0.3,1974.0000799999998,1974.3000799999998,1970.0,1974.0000799999998
430,COMP_M,2,2_01,Fog.Node.2,23,13,187,55,None,0.3,1974.0000799999998,1974.3000799999998,1970.0,1974.0000799999998
433,COMP_M,9,9_01,Fog.Node.9,28,20,43,148,None,0.3,1983.0000599999998,1983.3000599999998,1980.0,1983.0000599999998
434,COMP_M,7,7_01,Fog.Node.7,26,18,31,81,None,0.3,1983.0000599999998,1983.3000599999998,1980.0,1983.0000599999998
431,COMP_M,1,1_01,Fog.Node.1,33,12,93,49,None,0.3,1984.0000799999998,1984.3000799999998,1980.0,1984.0000799999998
432,COMP_M,5,5_01,Fog.Node.5,30,16,45,71,None,0.3,1984.0000799999998,1984.3000799999998,1980.0,1984.0000799999998
435,COMP_M,4,4_01,Fog.Node.4,24,15,53,64,None,0.3,1984.0000799999998,1984.3000799999998,1980.0,1984.0000799999998
438,COMP_M,3,3_01,Fog.Node.3,27,14,92,59,None,0.3,1993.0000599999998,1993.3000599999998,1990.0,1993.0000599999998
436,COMP_M,9,9_01,Fog.Node.9,31,20,9,148,None,0.3,1994.0000799999998,1994.3000799999998,1990.0,1994.0000799999998
437,COMP_M,7,7_01,Fog.Node.7,29,18,102,81,None,0.3,1994.0000799999998,1994.3000799999998,1990.0,1994.0000799999998
439,COMP_M,0,0_01,Fog.Node.0,25,11,105,45,None,0.3,1994.0000799999998,1994.3000799999998,1990.0,1994.0000799999998
